CREATE DATABASE  IF NOT EXISTS `charity_donation` /*!40100 DEFAULT CHARACTER SET utf8mb4 COLLATE utf8mb4_0900_ai_ci */ /*!80016 DEFAULT ENCRYPTION='N' */;
USE `charity_donation`;
-- MySQL dump 10.13  Distrib 8.0.31, for Win64 (x86_64)
--
-- Host: localhost    Database: charity_donation
-- ------------------------------------------------------
-- Server version	8.0.31

/*!40101 SET @OLD_CHARACTER_SET_CLIENT=@@CHARACTER_SET_CLIENT */;
/*!40101 SET @OLD_CHARACTER_SET_RESULTS=@@CHARACTER_SET_RESULTS */;
/*!40101 SET @OLD_COLLATION_CONNECTION=@@COLLATION_CONNECTION */;
/*!50503 SET NAMES utf8 */;
/*!40103 SET @OLD_TIME_ZONE=@@TIME_ZONE */;
/*!40103 SET TIME_ZONE='+00:00' */;
/*!40014 SET @OLD_UNIQUE_CHECKS=@@UNIQUE_CHECKS, UNIQUE_CHECKS=0 */;
/*!40014 SET @OLD_FOREIGN_KEY_CHECKS=@@FOREIGN_KEY_CHECKS, FOREIGN_KEY_CHECKS=0 */;
/*!40101 SET @OLD_SQL_MODE=@@SQL_MODE, SQL_MODE='NO_AUTO_VALUE_ON_ZERO' */;
/*!40111 SET @OLD_SQL_NOTES=@@SQL_NOTES, SQL_NOTES=0 */;

--
-- Table structure for table `account`
--

DROP TABLE IF EXISTS `account`;
/*!40101 SET @saved_cs_client     = @@character_set_client */;
/*!50503 SET character_set_client = utf8mb4 */;
CREATE TABLE `account` (
  `id` int NOT NULL AUTO_INCREMENT,
  `username` varchar(200) NOT NULL,
  `email` varchar(200) NOT NULL,
  `password` varchar(200) NOT NULL,
  `phone` varchar(20) NOT NULL,
  `address` varchar(200) NOT NULL,
  `role` int NOT NULL,
  `status` varchar(20) NOT NULL DEFAULT 'Active',
  PRIMARY KEY (`id`),
  UNIQUE KEY `email_unique` (`email`)
) ENGINE=InnoDB AUTO_INCREMENT=36 DEFAULT CHARSET=utf8mb4 COLLATE=utf8mb4_0900_ai_ci;
/*!40101 SET character_set_client = @saved_cs_client */;

--
-- Dumping data for table `account`
--

LOCK TABLES `account` WRITE;
/*!40000 ALTER TABLE `account` DISABLE KEYS */;
INSERT INTO `account` VALUES (1,'admin1','chung2911@mailinator.com','$2a$10$Sx./f6yDaoGsT2YCKfHbB.JnDjRmjdcMee.hcBx6oFz00ccoAkFcW','0123345567','Ho Chi Minh',1,'Active'),(2,'admin2','thanh22@gmail.com','$2a$10$NFD/g47HMvyhHPWTn8k2AuLcfFYyGJmAqg1VN6u40kPQMfdHKOCjK','0122245567','Ha Noi',1,'Active'),(3,'admin3','vuongg@gmail.com','$2a$10$1hskdZzs32rWSNW2ViLF/OSIIBlv7ocj2UtfdCi1s9n3ztOAQIqAC','0123344567','Da Nang',1,'Active'),(4,'Nguyen Van Thanh','vanthanh@gmail.com','$2a$10$Xbj.GK26YUlwWKACW5zXG.bm5WwQS5g5JCD9vPONwgh8bpteisEx.','0123345555','Hue',1,'Active'),(5,'Lê Trọng Lương','trongluong@mailinator.com','$2a$10$7uCkKRpgZQmydWoCoqd.cOGL66gpAnF3JiI4P/ajhwuwajngtp.XW','012554556700','Nha Trang',2,'Active'),(6,'Tran Chi Thanh','chithanh@gmail.com','$2a$10$pwbqNJUJu74MtSW/fh2oBO65E2qxG.I6OXOT2gVFt8Wi.48iVbIpa','0123366567','Ho Chi Minh',2,'Active'),(7,'Vo Thanh Tung','tungvo@gmail.com','$2a$10$.jPtPyyhXUByitV8ylegnuiUyakf4qZo429OoPL9FrYeU7qLXqdt.','0128845567','Ha Noi',2,'Active'),(8,'Le Thi Thuy','thuyle@gmail.com','$2a$10$qe.Pt6mRJSRY626ISRQRL.qLAyM1VhL/lV5g3OvTfLxzvAJmgFDyC','0123995567','Da Nang',2,'Active'),(9,'Tran Chi Trung','chitrung@gmail.com','$2a$10$GvQ8MXPEsOwn9h7fllMnF.4ZRA9HjKBodRBBTLpOiVnfMDLkpudNe','0121145567','Ho Chi Minh',2,'Active'),(10,'Nguyễn Thị Bích','bichnguyen@gmail.com','$2a$10$yQgDDhn0UVxESBI4iho2delw71BJE8y0dsPBm/LYDfKnZBLCj.iri','0123345569','Khánh Hòa',2,'Active'),(11,'Le Thi Ngoc','lengoc@gmail.com','$2a$10$A5vJuTTx.ZVCvkt258aaIOtFDsCotBKE5qsnpY0l11IbxdX3Ajmm6','0123345500','Ha Noi',2,'Active'),(12,'Nguyen Thuy Kieu','kieuthuy@gmail.com','$2a$10$M1FlI5DPcW5LJZB4zcqbeOEhW/1qlXuSUCJeSQ2jpwB0Dk4KqUpZG','0123343367','Ho Chi Minh',2,'Active'),(13,'Van Thi Nhi','nhivan@gmail.com','$2a$10$oQlAfMKBspkc1JfzSxctMezCB7zXjAjqVu8Bav4WMqUquC4gocQou','0123225567','Da Nang',2,'Active'),(14,'Nguyen Tan Nghia','tannghia@gmail.com','$2a$10$Vgkl/iW5oqtqmzWD0SuUdephfDdHPuR5cnv79ymBnFr0rF7XQUdW2','0123300567','Ho Chi Minh',2,'Active'),(15,'Le Tuan Anh','tuananh@gmail.com','$2a$10$4vDvoENC2SFicndZB1edre/V9kAktSNL5RCkBdPx.rAWGs8Fneyc6','0124445567','Ha Noi',2,'Active'),(16,'Nguyen Van Son','sonnguyen@gmail.com','$2a$10$AiS8/VoZkhiKEMd/m1RYDuAwHcVmQO3Yn9f1QCPhy/dVL6IMrg.PC','0123345667','Ho Chi Minh',2,'Active'),(17,'chung voo22','vothanhchung33@gmail.com','$2a$10$qY/HoP75bxEH.dn0V2R9VOZa67qQ5oBopaDHQ2Wtl/U/2A.fn./ha','0344391691','Quang Tri22',2,'Inactive'),(18,'admin4','admin4@gmail.com','$2a$10$7FH22OoMouqF8tBo3PEBsu83C59RMijm2P7UqkzNAXsbhy95/0Dy2','0344391698','Hue',1,'Active'),(19,'Võ Thanh Chung','admin5@gmail.com','$2a$10$5v0/sBmTYRik.9FdxhFHbO0JaXO/oxU07YxW6JgQvWXpliB0vqpVG','0344391694','Khánh Hòa',1,'Active'),(20,'Vo Thanh Chung','newuser@gmail.com','$2a$10$r.eEDGrL8Fh6P52rkw3.YOeO/NKV8ED1PPonrIC2sqmvnh0e/Lco.','','',2,'Active'),(27,'Thanh Long','thanhlong@gmail.com','$2a$10$v.iChW06pz/baoook.ZuKO34agvxDd94OBl191ozXwXdJvORnNBsa','0368831655','Ho Chi Minh',2,'Inactive'),(28,'Le Van Hung22','levanhung@mail.com','$2a$10$RiGY4gsrr37Xol/3YD5OU.F0kk/cDthyJVwftm7rjQ9kR3B0iCQmy','0324345345','HCM',2,'Inactive'),(29,'Vo Thanh Vien','vienthanh@gmail.com','$2a$10$/VjjT68ufzvfaqMfqknUX.hx3TIRDwLkkqHPsIHRl/4q4g47MmWQi','012434534','HCM',2,'Active'),(30,'21425345','vothanhchung98@gmail.com','$2a$10$GXYCDb9SxPs.UZdF/q4pTud6D3Si8UoNlfu57Qbi4styENJWevlqu','0344391691','Cam Lo',2,'Inactive'),(32,'Võ Thanh Viên','vothanhvien@gmail.com','$2a$10$vYIxRtJAiZh2kfverWjrdu/FP5RkkQ8cChXpV4hKo.lPXqAYeu37e','03668831635','Hồ Chí Minh',2,'Active'),(33,'Nguyễn Thanh Dũng','dungnguyen@gmail.com','$2a$10$a2yL5dEFnFqGo82V0n0OiOr.XL8v2ODyq/2E8XX7WYFGTxTGqq8sK','0334445566','Ho Chi Minh City',2,'Active'),(34,'Như Ngọc','nhungoc@gmail.com','$2a$10$p52u/d35oQfdnr70FrX4b.nZkeSWwL/zOa.PNnJL3wJjpaBEhqoha','0123123124','Quảng Bình',2,'Active'),(35,'Trần Nghĩa','nghiatran@gmail.com','$2a$10$wV3J7m2/L7/ejF6San5lze7u4to0/GhrEgcwO6vG4gpjYnvWJR62K','0124443333','Hà Nội',2,'Active');
/*!40000 ALTER TABLE `account` ENABLE KEYS */;
UNLOCK TABLES;

--
-- Table structure for table `categories`
--

DROP TABLE IF EXISTS `categories`;
/*!40101 SET @saved_cs_client     = @@character_set_client */;
/*!50503 SET character_set_client = utf8mb4 */;
CREATE TABLE `categories` (
  `id` int NOT NULL AUTO_INCREMENT,
  `category_name` varchar(200) NOT NULL,
  `description` varchar(500) NOT NULL,
  `status` varchar(20) NOT NULL DEFAULT 'Active',
  PRIMARY KEY (`id`),
  UNIQUE KEY `category_unique` (`category_name`)
) ENGINE=InnoDB AUTO_INCREMENT=12 DEFAULT CHARSET=utf8mb4 COLLATE=utf8mb4_0900_ai_ci;
/*!40101 SET character_set_client = @saved_cs_client */;

--
-- Dumping data for table `categories`
--

LOCK TABLES `categories` WRITE;
/*!40000 ALTER TABLE `categories` DISABLE KEYS */;
INSERT INTO `categories` VALUES (1,'Vì Trẻ Em','Giúp đỡ trẻ em vùng cao, trẻ em nghèo, mồ côi, có hoàn cảnh khó khăn','Active'),(2,'Người Già, Người Khuyết Tật','Giúp đỡ người già neo đơn, người vô gia cư, không nơi nương tựa','Active'),(3,'Bệnh Hiểm Nghèo','Giúp đỡ trẻ em, người mắc bệnh hiểm nghèo','Active'),(4,'Hoàn Cảnh Khó Khăn','Giúp đỡ gia đình - hoàn cảnh khó khăn được hòa nhập cuộc sống','Active'),(5,'Hỗ Trợ Giáo Dục','Xây dựng trường học - Tủ sách yêu thương tiếp sức đến trường cho trẻ em nghèo','Active'),(6,'Đầu Tư Cơ Sở Vật Chất','Giúp đỡ xây dựng cầu đường, cải tạo nước sạch cho những vùng sâu vùng xa khó khăn','Active'),(7,'Cứu Trợ Động Vật','Cứu trợ động vật, chó mèo bị bỏ rơi hoặc bị thương cần được chữa trị và chăm sóc phục hồi','Active'),(8,'Bảo Vệ Môi Trường','Bảo vệ môi trường - Trồng rừng, cải tạo môi trường xanh, nước sạch ','Active'),(9,'123sdfsf','q3wrwetertgert','Inactive'),(10,'556756765','3467568769','Inactive'),(11,'ưqrfsedgd','sdgfhfgdjj','Inactive');
/*!40000 ALTER TABLE `categories` ENABLE KEYS */;
UNLOCK TABLES;

--
-- Table structure for table `donation`
--

DROP TABLE IF EXISTS `donation`;
/*!40101 SET @saved_cs_client     = @@character_set_client */;
/*!50503 SET character_set_client = utf8mb4 */;
CREATE TABLE `donation` (
  `id` int NOT NULL AUTO_INCREMENT,
  `amount` int NOT NULL,
  `message` varchar(1000) DEFAULT NULL,
  `created_date` date NOT NULL,
  `account_id` int NOT NULL,
  `fund_id` int NOT NULL,
  PRIMARY KEY (`id`),
  KEY `idx_account_id` (`account_id`),
  KEY `idx_fund_id` (`fund_id`),
  CONSTRAINT `fk_account` FOREIGN KEY (`account_id`) REFERENCES `account` (`id`),
  CONSTRAINT `fk_fund` FOREIGN KEY (`fund_id`) REFERENCES `fund` (`id`) ON DELETE CASCADE
) ENGINE=InnoDB AUTO_INCREMENT=49 DEFAULT CHARSET=utf8mb4 COLLATE=utf8mb4_0900_ai_ci;
/*!40101 SET character_set_client = @saved_cs_client */;

--
-- Dumping data for table `donation`
--

LOCK TABLES `donation` WRITE;
/*!40000 ALTER TABLE `donation` DISABLE KEYS */;
INSERT INTO `donation` VALUES (1,100000,'1 chút tấm lòng','2023-02-23',3,14),(2,200000,'Chúc dự án thành công','2023-02-25',2,3),(3,400000,'Xin chào','2023-02-20',2,12),(4,100000,'','2023-02-21',4,8),(5,600000,'1 chút tấm lòng','2023-02-27',7,6),(6,400000,'A di đà phật','2023-02-24',3,5),(7,300000,'Gửi 1 ít quà','2023-02-23',2,3),(8,100000,'','2023-02-22',9,6),(9,500000,'','2023-02-26',1,2),(10,800000,'Gửi tặng cho quỹ','2023-02-20',1,4),(11,900000,'Chúc may mắn','2023-02-21',2,7),(12,1000000,'Của ít lòng nhiều','2023-02-23',2,3),(13,200000,'1 chút tấm lòng','2023-02-20',6,14),(14,700000,'','2023-02-20',5,2),(15,200000,'Hello','2023-02-25',3,4),(16,100000,'Gửi quỹ','2023-02-27',10,9),(17,500000,'1 it tam long','2023-03-21',5,2),(18,1200000,'Quyên góp cho quỹ','2023-03-21',5,3),(19,2200000,'Xin gửi cho quỹ','2023-03-21',19,1),(20,16200000,'','2023-03-21',8,1),(21,3900000,'Giúp trẻ em','2023-03-21',8,2),(22,21000000,'Xin gửi chú','2023-03-21',8,6),(23,32100000,'Chung tay giúp đỡ','2023-03-21',12,5),(24,700000,'Tặng chương trinhg','2023-03-21',9,4),(25,1250000,'1 it tam long','2023-03-21',9,4),(26,21000000,'Tặng các em','2023-03-21',9,9),(27,19600000,'Tặng các em','2023-03-21',27,8),(28,7000000,'Gửi chút tấm lòng','2023-03-21',27,7),(29,15000000,'Gửi tặng ông','2023-03-22',5,13),(30,15000000,'Gửi tặng ông','2023-03-22',5,13),(31,100000,'','2023-03-22',19,3),(32,2000000,'','2023-03-22',19,7),(33,2200000,'Xin gửi tặng cô','2023-03-22',19,11),(34,4000000,'gửi quỹ','2023-03-22',10,4),(35,25000000,'Xin gửi cô','2023-03-22',10,11),(36,25000000,'Xin gửi cô','2023-03-22',10,11),(37,2200000,'Góp chút tấm lòng','2023-03-22',10,10),(38,20000000,'Tặng chú hùng','2023-03-22',10,5),(39,10000000,'Gửi tặng quỹ','2023-03-22',11,10),(40,500000,'Xin gửi cho quỹ','2023-03-22',5,3),(41,2100000,'Gửi tặng người dân','2023-03-23',10,15),(42,500000,'Xin gửi quỹ','2023-03-25',5,13),(43,500000,'Chung tay xây dựng trường mầm non cho các em','2023-03-26',8,16),(44,30000000,'gửi chú','2023-03-27',16,6),(45,12000000,'','2023-03-27',19,3),(46,3500000,'','2023-03-27',16,4),(47,500000,'','2023-03-28',5,2),(48,500000,'','2023-03-28',5,2);
/*!40000 ALTER TABLE `donation` ENABLE KEYS */;
UNLOCK TABLES;

--
-- Table structure for table `foundation`
--

DROP TABLE IF EXISTS `foundation`;
/*!40101 SET @saved_cs_client     = @@character_set_client */;
/*!50503 SET character_set_client = utf8mb4 */;
CREATE TABLE `foundation` (
  `id` int NOT NULL AUTO_INCREMENT,
  `name` varchar(200) NOT NULL,
  `description` varchar(1000) DEFAULT NULL,
  `email` varchar(200) NOT NULL,
  `status` varchar(20) NOT NULL DEFAULT 'Active',
  PRIMARY KEY (`id`),
  UNIQUE KEY `foundation_unique` (`name`)
) ENGINE=InnoDB AUTO_INCREMENT=18 DEFAULT CHARSET=utf8mb4 COLLATE=utf8mb4_0900_ai_ci;
/*!40101 SET character_set_client = @saved_cs_client */;

--
-- Dumping data for table `foundation`
--

LOCK TABLES `foundation` WRITE;
/*!40000 ALTER TABLE `foundation` DISABLE KEYS */;
INSERT INTO `foundation` VALUES (1,'Sức Mạnh 2000 - Ánh sáng núi rừng','Quỹ Sức mạnh 2000 thuộc hệ sinh thái Nuôi Em, được thành lập để nâng cao chất lượng Cơ sở vật chất cho các em nhỏ khó khăn vùng cao.\r\nMỗi người 2.000 đồng/ngày, chúng tôi đã xây dựng trong 10 năm qua','sucmanh2000@gmail.com','Active'),(2,'Quỹ Hy Vọng - Hope Foundation','Ra đời năm 2017, Quỹ Hy Vọng là một quỹ xã hội - từ thiện hoạt động vì cộng đồng, không vì lợi nhuận, được vận hành bởi Báo điện tử VnExpress và Công ty cổ phần FPT. Quỹ Hy vọng theo đuổi hai mục tiêu: hỗ trợ các hoàn cảnh khó khăn và tạo động lực phát triển.','hopefoundation@gmail.com','Active'),(3,'Quỹ Từ Thiện Hoa Chia Sẻ','Quỹ xã hội – từ thiện được thành lập tự nguyện, không vì lợi nhuận, trên nguyên tắc tự tạo vốn. Quỹ hoạt động nhằm mục đích xã hội – từ thiện, ưu tiên giúp đỡ các gia đình khó khăn, có công với cách mạng và hỗ trợ, khuyến khích phát triển văn hóa, giáo dục, y tế, thể dục thể thao, khoa học và các mục đích phát triển cộng đồng phù hợp quy định của pháp luật.','hoachiase@gmail.com','Active'),(4,'VinaCapital Foundation','Tổ chức VinaCapital Foundation (VCF) hoạt động với sứ mệnh trao quyền cho trẻ em và phụ nữ Việt Nam thông qua các chương trình y tế và giáo dục.','vinacapital@gmail.com','Active'),(5,'Quỹ Vì Tầm Vóc Việt','Quỹ Vì Tầm Vóc Việt là tổ chức phi lợi nhuận được thành lập với sứ mệnh đóng góp cho các Mục tiêu Phát triển Bền vững của Liên Hợp Quốc.','tamvocviet@gmail.com','Active'),(6,'Saigon Children’s Charity','Saigon Children’s Charity (saigonchildren) hoạt động với sứ mệnh xóa bỏ rào cản đến với giáo dục cho trẻ em thiệt thòi trên khắp Việt Nam.','saigonchildren@gmail.com','Active'),(7,'SCDI – Mỗi Ngày Một Quả Trứng','Quỹ Mỗi Ngày Một Quả Trứng (MNMQT) là sáng kiến gây quỹ của Trung tâm Hỗ trợ Sáng kiến Phát triển Cộng đồng (SCDI) nhằm cứu trợ khẩn cấp, nâng cao khả năng hồi phục, thích ứng và cắt đứt vòng xoáy đói nghèo cho những người khó khăn nhất.','scdi@gmail.com','Active'),(8,'Thiện Nhân & Friends - Quỹ Phòng chống Thương vong Châu Á','Chương trình “Thiện Nhân và những người bạn” phẫu thuật tái tạo bộ phận sinh dục cho trẻ em thuộc Quỹ Phòng chống Thương vong Châu Á.','thiennhanfriends@gmail.com','Active'),(9,'Trung tâm Tương Lai','Trung tâm Tương Lai là tổ chức chuyên hoạt động để hỗ trợ giáo dục và bảo vệ trẻ em và thanh thiếu niên.','tuonglaicenter@gmail.com','Active'),(10,'Quỹ Trăng Khuyết','Trăng Khuyết là tổ chức từ thiện nhân đạo, hoạt động độc lập, phi tôn giáo và phi lợi nhuận trên toàn lãnh thổ Việt Nam, nhằm kết nối cộng đồng và thực hiện các hoạt động cứu trợ trực tiếp liên quan đến: bữa ăn, chỗ ở, chăm sóc sức khỏe - tinh thần cho các cụ già không nơi nương tựa và trẻ em bị bỏ rơi.','quytrangkhuyet@gmail.com','Active'),(11,'Operation Smile','Operation Smile mang lại nụ cười và thay đổi cuộc sống của những trẻ em bị dị tật bẩm sinh trên khuôn mặt ở Việt Nam và khắp thế giới.','operationsmile@gmail.com','Active'),(12,'Viện Nghiên cứu Quản lý Phát triển bền vững (MSD)','Là một tổ chức phi chính phủ Việt Nam, MSD nỗ lực hành động thúc đẩy việc thực hiện quyền của các nhóm cộng đồng bị lề hoá, dễ bị tổn thương. MSD cũng là tổ chức đáp ứng nhu cầu và bảo vệ các đối tượng có hoàn cảnh khó khăn, thông qua các dự án và hỗ trợ trẻ em, thanh thiếu niên, phụ nữ, người vô gia cư, người nhập cư và người khuyết tật tại Việt Nam.','msd@gmail.com','Active'),(15,'new foundati1','new description for new foundation','333333@gmail.com','Inactive'),(16,'12423','123123','12323@mail','Inactive'),(17,'1242355','123123','12323@mail','Inactive');
/*!40000 ALTER TABLE `foundation` ENABLE KEYS */;
UNLOCK TABLES;

--
-- Table structure for table `fund`
--

DROP TABLE IF EXISTS `fund`;
/*!40101 SET @saved_cs_client     = @@character_set_client */;
/*!50503 SET character_set_client = utf8mb4 */;
CREATE TABLE `fund` (
  `id` int NOT NULL AUTO_INCREMENT,
  `name` varchar(200) NOT NULL,
  `description` varchar(1000) DEFAULT NULL,
  `content` text,
  `img_url` varchar(200) NOT NULL,
  `created_date` date NOT NULL,
  `end_date` date NOT NULL,
  `category_id` int NOT NULL,
  `foundation_id` int NOT NULL,
  `status` varchar(20) NOT NULL DEFAULT 'Active',
  `expected_amount` int NOT NULL DEFAULT '100000000',
  PRIMARY KEY (`id`),
  UNIQUE KEY `fund_unique` (`name`),
  KEY `idx_category_id` (`category_id`),
  KEY `idx_foundation_id` (`foundation_id`),
  CONSTRAINT `fk_category` FOREIGN KEY (`category_id`) REFERENCES `categories` (`id`),
  CONSTRAINT `fk_founder` FOREIGN KEY (`foundation_id`) REFERENCES `foundation` (`id`) ON DELETE CASCADE
) ENGINE=InnoDB AUTO_INCREMENT=28 DEFAULT CHARSET=utf8mb4 COLLATE=utf8mb4_0900_ai_ci;
/*!40101 SET character_set_client = @saved_cs_client */;

--
-- Dumping data for table `fund`
--

LOCK TABLES `fund` WRITE;
/*!40000 ALTER TABLE `fund` DISABLE KEYS */;
INSERT INTO `fund` VALUES (1,'Chung tay gây quỹ trao quà đầu năm mới cho 200 trẻ em mắc chứng bại não tại khu vực phía Nam','Cùng chung tay với MSD United Way Vietnam và tổ chức CPFAV Gây quỹ trao quà đầu năm mới cho 200 trẻ em mắc chứng bại não tại khu vực phía Nam','<p>Đ&acirc;y l&agrave; m&ugrave;a xu&acirc;n thứ 3 MSD United Way Vietnam, CPFAV c&ugrave;ng kết hợp với cộng đồng Heo Đất MoMo để mang lại niềm vui cho c&aacute;c trẻ bại n&atilde;o trong chương tr&igrave;nh &ldquo;Vui Xu&acirc;n Phương Nam&rdquo;. Tr&ecirc;n giải đất h&igrave;nh chữ S, mỗi năm c&oacute; h&agrave;ng ng&agrave;n em b&eacute; sinh ra v&agrave; phải sống trọn đời với chứng bại n&atilde;o. Đ&acirc;y l&agrave; một hội chứng g&acirc;y ra những biến dạng nặng nề về tư thế v&agrave; vận động, buộc c&aacute;c em phải sống phụ thuộc v&agrave;o sự chăm s&oacute;c của cha mẹ, người th&acirc;n, kh&ocirc;ng được đến trường v&agrave; bước ra ngo&agrave;i cuộc sống vui tươi như mọi trẻ em kh&aacute;c.</p>\r\n\r\n<p>Những em b&eacute; kh&ocirc;ng được đến trường kh&ocirc;ng được vui chơi như bạn b&egrave; đồng trang lứa</p>\r\n\r\n<p><img alt=\"\" src=\"https://static.mservice.io/blogscontents/momo-upload-api-230220133157-638124967177685103.jpg\" style=\"width:100%\" /></p>\r\n\r\n<p style=\"text-align:center\"><em>Nhiều em b&eacute; kh&ocirc;ng được may mắn như bạn b&egrave; đồng trang lứa</em></p>\r\n\r\n<p>Em Huỳnh Thảo Minh An ở Tổ 1 ấp Bầu Sinh, x&atilde; Suối Cao, Xu&acirc;n Lộc, Đồng Nai. Minh An sinh năm 2015, bị bại n&atilde;o từ khi sinh ra. D&ugrave; đ&atilde; ở tuổi thứ 7 nhưng em mới đang bập bẹ tập n&oacute;i v&agrave; vẫn chưa đi được. Em chưa thể đi học h&ograve;a nhập do mẹ em l&agrave; Chu Thu Thảo bị tai nạn nặng, đa chấn thương đ&atilde; một năm nay. Mọi chi ti&ecirc;u sinh hoạt trong nh&agrave;, chữa bệnh cho mẹ, chăm s&oacute;c con phụ thuộc v&agrave;o m&igrave;nh bố đi l&agrave;m.</p>\r\n\r\n<p>Em Nguyễn Xu&acirc;n Đức sinh năm 2018, bố em l&agrave; Nguyễn Xu&acirc;n Quyết. Gia đ&igrave;nh em qu&ecirc; ở Hưng H&ograve;a, Tam N&ocirc;ng, Ph&uacute; Thọ nhưng hiện đang thu&ecirc; trọ tại khu phố 3, phường An Ph&uacute; , th&agrave;nh phố Thuận An, tỉnh B&igrave;nh Dương. Em Đức bị bại n&atilde;o bẩm sinh, hạn chế nhận thức, chỉ nằm một chỗ. Suốt 8 th&aacute;ng nay, em ở bệnh viện Nhi Đồng 1 điều trị bệnh vi&ecirc;m phổi v&agrave; thiếu oxy. Bố của em phải nghỉ l&agrave;m để chăm con trong bệnh viện. Mọi g&aacute;nh nặng kinh tế đổ dồn l&ecirc;n đ&ocirc;i vai của mẹ em. Mẹ l&agrave;m c&ocirc;ng nh&acirc;n, thu nhập bấp b&ecirc;nh theo từng đơn h&agrave;ng nh&agrave; m&aacute;y. Vừa lo chạy chữa cho Đức, bố mẹ em vừa gồng g&aacute;nh nu&ocirc;i hai người con nữa ở qu&ecirc; v&agrave; b&agrave; nội bị tai biến, liệt nửa người. Năm nay, bố con em Đức đ&oacute;n giao thừa năm mới trong bệnh viện.</p>\r\n\r\n<p><img alt=\"\" src=\"https://static.mservice.io/blogscontents/momo-upload-api-230220133218-638124967383903324.jpg\" style=\"width:100%\" /></p>\r\n\r\n<p style=\"text-align:center\"><em>C&aacute;c em nhỏ bại n&atilde;o ở khu vực T&acirc;y Nguy&ecirc;n hạnh ph&uacute;c khi nhận được qu&agrave; từ c&aacute;c nh&agrave; hảo t&acirc;m</em></p>\r\n\r\n<p>Em Phan Nguyễn Quỳnh Như sinh năm 2012, con mẹ Xu&acirc;n Mai ở khu d&acirc;n cư kh&oacute;m 8, phường Ch&acirc;u Ph&uacute; A, th&agrave;nh phố Ch&acirc;u Đốc, tỉnh An Giang. Em bị bại n&atilde;o thể gồng cứng, kh&ocirc;ng hoạt động tay ch&acirc;n được, ngồi nằm ăn uống cũng phải c&oacute; người gi&uacute;p đỡ. Mẹ em l&agrave; mẹ đơn th&acirc;n, c&ocirc;ng việc kh&ocirc;ng ổn định v&igrave; phải d&agrave;nh phần lớn thời gian chăm s&oacute;c em, một m&igrave;nh vừa l&agrave; người cha, người mẹ, l&agrave; trụ cột lo cho cả gia đ&igrave;nh nhỏ.</p>\r\n\r\n<p>C&aacute;c em ở đất liền, nơi trung t&acirc;m c&ograve;n đỡ vất vả, trẻ em bại n&atilde;o ở c&aacute;c huyện đảo của Tổ quốc lại c&agrave;ng kh&oacute; khăn hơn. Sống với đau yếu, bệnh tật, mỗi chuyến đi của c&aacute;c em l&agrave; gắn với những chuyến t&agrave;u cập bờ.</p>\r\n\r\n<p>Em Phạm Minh Kh&ocirc;i ở Khu phố 3, phường Dương Đ&ocirc;ng, th&agrave;nh phố Ph&uacute; Quốc, Ki&ecirc;n Giang sinh ra l&agrave; một em b&eacute; khỏe mạnh. Nếu như kh&ocirc;ng phải v&igrave; một cơn sốt g&acirc;y tai biến th&igrave; m&ugrave;a xu&acirc;n 2023 n&agrave;y em đ&atilde; l&agrave; một học sinh lớp 2 tiểu học. Nhưng c&oacute; lẽ, khu&ocirc;n mặt kh&ocirc;i ng&ocirc;, &aacute;nh mắt nhanh nhẹn chỉ c&ograve;n lại trong k&yacute; ức của người th&acirc;n, v&igrave; giờ đ&acirc;y, hội chứng bại n&atilde;o đ&atilde; khiến em phải nằm một chỗ, kh&ocirc;ng nhận thức được xung quanh. C&agrave;ng tội nghiệp hơn khi em bị bệnh th&igrave; mẹ em cũng đ&atilde; bỏ đi. Một m&igrave;nh bố em gồng g&aacute;nh điều trị cho con tại bệnh viện Nhi đồng 1 Tp.HCM v&agrave; em bị bại n&atilde;o từ đ&oacute;. Thiếu vắng hơi ấm của mẹ, mọi sinh hoạt của em đều phụ thuộc v&agrave;o b&agrave;n tay chăm s&oacute;c của bố. Thương con, bố Tiến vay mượn tiền cho Kh&ocirc;i v&agrave;o th&agrave;nh phố Hồ Ch&iacute; Minh, ra H&agrave; Nội trị liệu. Nhưng bệnh t&igrave;nh Kh&ocirc;i kh&ocirc;ng giảm m&agrave; chi ph&iacute; cho những đợt điều trị cứ thế lớn dần khiến ho&agrave;n cảnh gia đ&igrave;nh rơi v&agrave;o kh&aacute;nh kiệt.</p>\r\n\r\n<p>C&ugrave;ng ở giữa huyện đảo xa x&ocirc;i c&ograve;n c&oacute; 2 anh em si&ecirc;u nh&acirc;n nh&agrave; mẹ Nguyễn Thị Hiền ở Dương Đ&ocirc;ng, Ph&uacute; Quốc. Em Nguyễn Duy Ho&agrave;ng Qu&acirc;n l&agrave; con trai đầu, năm nay đ&atilde; 9 tuổi rồi những vẫn phải phụ thuộc mọi thứ v&agrave;o cha mẹ. Dưới Ho&agrave;ng c&ograve;n c&oacute; em trai cũng c&oacute; những biểu hiện chậm ph&aacute;t triển. Vợ chồng chị Hiền từ Bắc v&agrave;o Nam lập nghiệp, việc c&oacute; 2 con bị bại n&atilde;o khiến gia đ&igrave;nh chị kh&oacute; khăn c&agrave;ng th&ecirc;m chồng chất kh&oacute; khăn. Những ng&agrave;y cuối năm đ&atilde; cận kề, chị vẫn chỉ mong c&oacute; được ng&agrave;y 3 bữa cơm cho c&aacute;c con ấm bụng.</p>\r\n\r\n<p><img alt=\"\" src=\"https://static.mservice.io/blogscontents/momo-upload-api-230220133240-638124967606592294.jpg\" style=\"width:100%\" /></p>\r\n\r\n<p style=\"text-align:center\"><em>C&ograve;n rất nhiều ho&agrave;n cảnh đ&aacute;ng thương cần sự chung tay gi&uacute;p đỡ của cả cộng đồng</em></p>\r\n\r\n<p>C&aacute;c em chỉ l&agrave; một trong c&aacute;c ho&agrave;n cảnh rất đặc biệt trong hơn 200 ho&agrave;n cảnh gia đ&igrave;nh c&oacute; trẻ em mắc chứng bại n&atilde;o ở khu vực ph&iacute;a Nam, trải rộng khắp c&aacute;c tỉnh Long An, Đồng Th&aacute;p, T&acirc;y Ninh, S&oacute;c Trăng, C&agrave; Mau, An Giang, Ki&ecirc;n Giang,... C&aacute;c em c&ugrave;ng với gia đ&igrave;nh vẫn đang h&agrave;ng ng&agrave;y h&agrave;ng giờ chiến đấu vượt l&ecirc;n sự hạn chế về th&acirc;n thể khuyết tật, để cảm nhận những ấm &aacute;p, y&ecirc;u thương của cuộc sống n&agrave;y.</p>\r\n\r\n<p><strong>C&ugrave;ng trao qu&agrave; mừng Năm mới - Gửi y&ecirc;u thương tới 200 trẻ em bại n&atilde;o dịp xu&acirc;n Qu&yacute; M&atilde;o</strong></p>\r\n\r\n<p>Những ng&agrave;y đầu xu&acirc;n năm mới Qu&yacute; M&atilde;o 2023, với mong muốn hỗ trợ cho c&aacute;c gia đ&igrave;nh trẻ bại n&atilde;o c&oacute; ho&agrave;n cảnh kh&oacute; khăn, Viện Nghi&ecirc;n cứu Quản l&yacute; v&agrave; Ph&aacute;t triển bền vững (MSD) &ndash; United Way Vietnam phối hợp với Tr&aacute;i tim MoMo v&agrave; Hội Gia đ&igrave;nh Trẻ bại n&atilde;o Việt Nam th&agrave;nh lập dự &aacute;n Vui xu&acirc;n phương Nam (CPFAV) - Trao qu&agrave; mừng xu&acirc;n 2023. Ch&uacute;ng t&ocirc;i mong muốn được mọi người chung tay mang đến niềm vui ấm &aacute;p nho nhỏ những ng&agrave;y đầu năm mới, cũng như nỗ lực để Việt Nam ch&uacute;ng ta kh&ocirc;ng c&oacute; trẻ em khuyết tật n&agrave;o bị bỏ rơi lại ph&iacute;a sau.</p>\r\n\r\n<p><img alt=\"\" src=\"https://static.mservice.io/blogscontents/momo-upload-api-230220133318-638124967981353931.jpg\" style=\"width:100%\" /></p>\r\n\r\n<p><img alt=\"\" src=\"https://static.mservice.io/blogscontents/momo-upload-api-230220133327-638124968076976011.jpg\" style=\"width:100%\" /></p>\r\n\r\n<p style=\"text-align:center\"><em>200 phần qu&agrave; mừng năm mới trao đi sẽ g&oacute;p phần san sẻ g&aacute;nh nặng với c&aacute;c gia đ&igrave;nh k&eacute;m may mắn</em></p>\r\n\r\n<p>Để hiện thực h&oacute;a kế hoạch ấy, ch&uacute;ng t&ocirc;i k&ecirc;u gọi cộng đồng c&ugrave;ng chung tay quy&ecirc;n g&oacute;p số tiền l&agrave; 150.000.000 đồng. Số tiền sẽ được sử dụng để mua 200 phần qu&agrave;, mỗi phần qu&agrave; 750.000 VND tặng cho c&aacute;c em trong dịp đầu xu&acirc;n năm mới. Đ&oacute; cũng l&agrave; m&oacute;n qu&agrave; nhỏ thay cho lời ch&uacute;c của cộng đồng gửi đến trẻ em bại n&atilde;o, tiếp th&ecirc;m sức mạnh cho c&aacute;c em chiến đấu với bệnh tật cũng như phần n&agrave;o san sẻ g&aacute;nh nặng với gia đ&igrave;nh c&aacute;c em.</p>\r\n\r\n<p><u><strong>Về Viện Nghi&ecirc;n cứu Quản l&yacute; Ph&aacute;t triển bền vững (MSD) &ndash; United Way Vietnam:</strong></u><br />\r\nL&agrave; một tổ chức phi ch&iacute;nh phủ Việt Nam, MSD &ndash; United Way Việt Nam nỗ lực h&agrave;nh động v&igrave; một m&ocirc;i trường ph&aacute;t triển thuận lợi cho sự ph&aacute;t triển của kh&ocirc;́i c&aacute;c tổ chức xã hội v&agrave; thúc đ&acirc;̉y việc thực hiện quyền của c&aacute;c nh&oacute;m cộng đồng bị lề ho&aacute; v&agrave; dễ bị tổn thương, đặc biệt l&agrave; nh&oacute;m trẻ em, thanh ni&ecirc;n, phụ nữ v&agrave; người khuyết tật. Hiện nay, MSD &ndash; United Way Việt Nam được c&ocirc;ng nhận l&agrave; một tổ chức h&agrave;ng đầu trong việc phối hợp, hỗ trợ v&agrave; cung cấp c&aacute;c dịch vụ n&acirc;ng cao năng lực, đ&agrave;o tạo v&agrave; tham vấn cho c&aacute;c tổ chức x&atilde; hội tại Việt Nam. Th&ecirc;m v&agrave;o đ&oacute;, MSD &ndash; United Way Việt Nam cũng l&agrave; một tổ chức chuy&ecirc;n nghiệp đ&aacute;p ứng hiệu quả nhu cầu v&agrave; bảo vệ quyền lợi của c&aacute;c đối tượng c&oacute; ho&agrave;n cảnh kh&oacute; khăn, th&ocirc;ng qua tổ chức c&aacute;c dự &aacute;n v&agrave; hỗ trợ trẻ em, thanh thiếu ni&ecirc;n, phụ nữ, người v&ocirc; gia cư, người nhập cư v&agrave; người khuyết tật tại Việt Nam.</p>\r\n\r\n<p><u><strong>Về Hội Gia đ&igrave;nh Trẻ bại n&atilde;o Việt Nam:</strong></u><br />\r\nHội Gia đ&igrave;nh trẻ bại n&atilde;o Việt Nam (t&ecirc;n viết tắt l&agrave; CPFAV, t&ecirc;n gọi th&acirc;n thương l&agrave; Gia đ&igrave;nh Si&ecirc;u nh&acirc;n), được ch&iacute;nh c&aacute;c cha mẹ c&oacute; con bị bại n&atilde;o (CP) chung tay th&agrave;nh lập từ năm 2015. CPFAV l&agrave; một tổ chức ch&iacute;nh danh của cha mẹ trẻ bại n&atilde;o tr&ecirc;n cả nước. Hi&ecirc;̣n nay, CPFAV l&agrave; một cộng đồng lớn v&agrave; uy t&iacute;n của trẻ bại n&atilde;o với gần gần 4000 trẻ bại n&atilde;o tr&ecirc;n cả nước. L&agrave; một tổ chức của cha mẹ v&agrave; trẻ em mắc chứng bại n&atilde;o, CPFAV nỗ lực x&acirc;y dựng một mạng lưới của v&agrave; v&igrave; cộng đồng trẻ bại n&atilde;o Việt Nam, để thực hiện sứ mệnh l&agrave; tổ chức ti&ecirc;n phong trong việc th&uacute;c đẩy c&aacute;c chương tr&igrave;nh hỗ trợ phục hồi chức năng dựa v&agrave;o cộng đồng, g&oacute;p phần cải thiện chất lượng cuộc sống, h&ograve;a nhập x&atilde; hội v&agrave; hướng nghiệp</p>\r\n','https://static.mservice.io/blogscontents/momo-upload-api-230220134154-638124973147799737.jpg','2023-02-19','2023-04-02',1,12,'Active',50000000),(2,'Xây dựng mở rộng sân chơi tại bờ vở sông Hồng giúp trẻ em nâng cao sức khỏe tâm trí và thể chất','Cùng chung tay xây dựng mở rộng sân chơi cho trẻ em ở bờ vở sông Hồng để loại bỏ những hệ quả tâm lý và thể chất cho trẻ sau đại dịch Covid-19','<p>Đại dịch Covid-19 l&agrave; một c&uacute; sốc g&acirc;y thiệt hại lớn đến to&agrave;n cầu n&oacute;i chung v&agrave; Việt Nam n&oacute;i ri&ecirc;ng. Ngo&agrave;i c&aacute;c ảnh hưởng hiện hữu dễ d&agrave;ng c&oacute; thể nhận ra về mặt kinh tế, x&atilde; hội, Covid 19 c&ograve;n l&agrave;m dấy l&ecirc;n những lo ngại về sức khỏe t&acirc;m tr&iacute; của một thế hệ trẻ em bị c&ocirc; lập trong đại dịch.</p>\r\n\r\n<p>Cuối năm 2021, Quỹ Nhi đồng Li&ecirc;n Hợp Quốc (UNICEF) đ&atilde; đưa ra b&aacute;o c&aacute;o cảnh b&aacute;o về những t&aacute;c động, hậu quả kh&ocirc;n lường của Covid 19 đến sức khỏe t&acirc;m tr&iacute; v&agrave; tinh thần của trẻ em, thanh thiếu ni&ecirc;n. T&aacute;c động n&agrave;y đến từ những đợt phong tỏa to&agrave;n quốc v&agrave; việc hạn chế di chuyển li&ecirc;n quan đến đại dịch đ&atilde; khiến c&aacute;c em phải trải qua những năm th&aacute;ng cuộc đời kh&oacute; qu&ecirc;n khi phải rời xa gia đ&igrave;nh, bạn b&egrave;, trường lớp, việc vui chơi &ndash; những yếu tố then chốt của tuổi thơ. Những rối loạn t&acirc;m tr&iacute; được chẩn đo&aacute;n phổ biến ở trẻ bao gồm rối loạn tăng động giảm ch&uacute; &yacute; (ADHD), lo &acirc;u, tự kỷ, rối loạn lưỡng cực, rối loạn cư xử, trầm cảm, rối loạn ăn uống, khuyết tật tr&iacute; tuệ,&hellip; c&oacute; thể g&acirc;y tổn hại đ&aacute;ng kể đến sức khỏe, việc học tập, kết quả cuộc sống sau n&agrave;y của trẻ em v&agrave; thanh thiếu ni&ecirc;n.</p>\r\n\r\n<p><img alt=\"\" src=\"https://static.mservice.io/blogscontents/momo-upload-api-230216134033-638121516332471965.jpg\" style=\"width:100%\" /></p>\r\n\r\n<p><img alt=\"\" src=\"https://static.mservice.io/blogscontents/momo-upload-api-230216134046-638121516466335854.jpg\" style=\"width:100%\" /></p>\r\n\r\n<p style=\"text-align:center\"><em>Covid 19 l&agrave;m dấy l&ecirc;n những lo ngại về sức khỏe t&acirc;m tr&iacute; của một thế hệ trẻ em bị c&ocirc; lập trong đại dịch</em></p>\r\n\r\n<p>Hơn l&uacute;c n&agrave;o hết, trẻ em, đặc biệt l&agrave; những bạn nhỏ sống ở th&agrave;nh phố hiện tại đang rất cần những kh&ocirc;ng gian c&ocirc;ng cộng, nơi vui chơi, sinh hoạt cộng đồng để h&agrave;n gắn những vết thương t&acirc;m l&yacute; hậu đại dịch. Những s&acirc;n chơi xanh l&agrave; giải ph&aacute;p tối ưu gi&uacute;p trẻ h&ograve;a m&igrave;nh c&ugrave;ng thi&ecirc;n nhi&ecirc;n, h&iacute;t thở kh&ocirc;ng kh&iacute; trong l&agrave;nh v&agrave; thoải m&aacute;i vui đ&ugrave;a. Một trong những kh&ocirc;ng gian tiềm năng v&agrave; ph&ugrave; hợp để kiến tạo s&acirc;n chơi cho trẻ em ch&iacute;nh l&agrave; khu vực bờ vờ s&ocirc;ng Hồng.</p>\r\n\r\n<p>Đoạn bờ vở s&ocirc;ng Hồng từ Đền Sơn Hải tới ng&aacute;ch 43/32 đường Bạch Đằng (GPS: 21.03147363882461, 105.86016905629931) k&eacute;o d&agrave;i 150 m&eacute;t, l&agrave; v&ugrave;ng đất s&aacute;t s&ocirc;ng Hồng c&oacute; hệ thực vật phong ph&uacute;, đa tầng. Sau nhiều nỗ lực cải tạo m&ocirc;i trường của người d&acirc;n, ch&iacute;nh quyền v&agrave; c&aacute;c tổ chức x&atilde; hội, nơi đ&acirc;y đang từng bước thay đổi trở th&agrave;nh một c&ocirc;ng vi&ecirc;n sinh th&aacute;i đa dạng kết nối con người với d&ograve;ng s&ocirc;ng. Quanh khu vực n&agrave;y c&oacute; khoảng 500 hộ gia đ&igrave;nh với hơn 400 trẻ em đủ mọi lứa tuổi đang sinh sống. Tuy nhi&ecirc;n trong khu chỉ c&oacute; một s&acirc;n chơi nhỏ ngo&agrave;i trời với &iacute;t thiết bị kh&ocirc;ng đ&aacute;p ứng đủ nhu cầu. Thực tế dẫn đến một nhu cầu cấp thiết bổ sung kh&ocirc;ng gian vui chơi c&ocirc;ng cộng để bờ vở trở th&agrave;nh điểm đến hấp dẫn, l&yacute; th&uacute; cho tất cả trẻ em.</p>\r\n\r\n<p><img alt=\"\" src=\"https://static.mservice.io/blogscontents/momo-upload-api-230216134103-638121516636810180.jpg\" style=\"width:100%\" /></p>\r\n\r\n<p style=\"text-align:center\"><em>Những s&acirc;n chơi xanh l&agrave; giải ph&aacute;p tối ưu gi&uacute;p trẻ h&ograve;a m&igrave;nh c&ugrave;ng thi&ecirc;n nhi&ecirc;n</em></p>\r\n\r\n<p>Việc x&acirc;y dựng s&acirc;n chơi sẽ bao gồm mở rộng v&agrave; bổ sung c&aacute;c thiết bị mới v&agrave; tổ chức c&aacute;c hoạt động tham quan, vui chơi cho trẻ em tại bờ Vở. Hiện tại khu vực bờ vở đang trong qu&aacute; tr&igrave;nh cải tạo m&ocirc;i trường hướng đến mục ti&ecirc;u trở th&agrave;nh một c&ocirc;ng vi&ecirc;n đa dạng sinh th&aacute;i. Những s&acirc;n chơi dưới t&aacute;n c&acirc;y, dung h&ograve;a với thi&ecirc;n nhi&ecirc;n c&ugrave;ng với sự hiện diện của trẻ em l&agrave; một phần kh&ocirc;ng thể thiếu trong mục ti&ecirc;u ph&aacute;t triển của c&ocirc;ng vi&ecirc;n. Để hoạt động x&acirc;y dựng s&acirc;n chơi được triển khai cần nguồn t&agrave;i ch&iacute;nh v&agrave; sự chung tay ủng hộ của mọi người.</p>\r\n\r\n<p>Với mong muốn mọi đứa trẻ đều c&oacute; kh&ocirc;ng gian vui chơi, trải nghiệm thi&ecirc;n nhi&ecirc;n v&agrave; cải tạo sức khỏe t&acirc;m tr&iacute;, MoMo phối hợp c&ugrave;ng c&aacute;c tổ chức V&igrave; một H&agrave; Nội đ&aacute;ng sống với đại diện l&agrave; Think Playgrounds, v&agrave; nh&agrave; t&agrave;i trợ Đại sứ qu&aacute;n New Zealand tại Việt Nam, Investing in Women (IW) l&ecirc;n kế hoạch quy&ecirc;n g&oacute;p để thực hiện hoạt động x&acirc;y dựng s&acirc;n chơi cho trẻ em tại bờ vở s&ocirc;ng Hồng. Hoạt động n&agrave;y nằm trong dự &aacute;n d&agrave;i hơi, g&oacute;p phần cải thiện m&ocirc;i trường v&agrave; kh&ocirc;ng gian sống của H&agrave; Nội.</p>\r\n\r\n<p><img alt=\"\" src=\"https://static.mservice.io/blogscontents/momo-upload-api-230216134123-638121516834864128.jpg\" style=\"width:100%\" /></p>\r\n\r\n<p style=\"text-align:center\"><em>Chung tay gi&uacute;p c&aacute;c em nhỏ c&oacute; kh&ocirc;ng gian c&ocirc;ng cộng để vui chơi v&agrave; s&aacute;ng tạo</em></p>\r\n\r\n<p>Để l&agrave;m được điều n&agrave;y, ch&uacute;ng t&ocirc;i dự t&iacute;nh dự &aacute;n cần tổng số tiền l&agrave; 464.000.000 đồng. Ch&uacute;ng t&ocirc;i mong muốn c&oacute; thể g&acirc;y quỹ 100.000.000 đồng tr&ecirc;n Tr&aacute;i Tim MoMo để c&oacute; thể triển khai c&aacute;c hoạt động x&acirc;y dựng s&acirc;n chơi cho trẻ em ở bờ vở s&ocirc;ng Hồng. Ngo&agrave;i ra, ch&uacute;ng t&ocirc;i c&ograve;n k&ecirc;u gọi cộng đồng Heo Đất MoMo quy&ecirc;n g&oacute;p 1.820.000 Heo V&agrave;ng tương ứng với số tiền l&agrave; 364.000.000 đồng.</p>\r\n\r\n<p>Số tiền m&agrave; bạn ủng hộ sẽ được sử dụng cho c&aacute;c hoạt động:</p>\r\n\r\n<ul>\r\n	<li>Thiết kế v&agrave; thi c&ocirc;ng s&acirc;n chơi dưới t&aacute;n c&acirc;y tại c&ocirc;ng vi&ecirc;n bờ vở s&ocirc;ng Hồng;</li>\r\n	<li>Tổ chức c&aacute;c chương tr&igrave;nh cho trẻ em, học sinh tham quan v&agrave; vui chơi cải thiện sức khỏe t&acirc;m tr&iacute; tại khu vực bờ vở.</li>\r\n</ul>\r\n\r\n<p>C&aacute;c hoạt động n&agrave;y sẽ gi&uacute;p c&aacute;c bạn nhỏ ở khu vực bờ vở cũng như trẻ em tr&ecirc;n to&agrave;n th&agrave;nh phố c&oacute; th&ecirc;m một địa điểm vui chơi, trải nghiệm gần gũi v&agrave; th&acirc;n thiện với thi&ecirc;n nhi&ecirc;n; c&oacute; th&ecirc;m những tour tham quan k&iacute;ch th&iacute;ch tinh thần học hỏi, s&aacute;ng tạo. Từ đ&oacute; sẽ g&oacute;p phần n&acirc;ng cao kiến thức, kỹ năng v&agrave; sức khỏe t&acirc;m tr&iacute; cho trẻ.</p>\r\n\r\n<p>Mọi sự đ&oacute;ng của c&aacute;c bạn đều g&oacute;p phần kiến tạo n&ecirc;n kh&ocirc;ng gian vui chơi l&agrave;nh mạnh, bổ &iacute;ch cho trẻ em. H&atilde;y c&ugrave;ng chung tay v&igrave; một thế hệ trẻ được vui chơi v&agrave; ph&aacute;t triển to&agrave;n diện!</p>\r\n\r\n<p><u><strong>Về Đại sứ qu&aacute;n New Zealand tại Việt Nam:</strong></u><br />\r\nSau hơn 40 năm thiết lập quan hệ ngoại giao, New Zealand lu&ocirc;n được biết đến l&agrave; một trong những đối t&aacute;c chiến lược v&agrave; th&acirc;n thiện của Việt Nam. Đại sứ qu&aacute;n New Zealand tại Việt Nam rất quan t&acirc;m đến c&aacute;c dự &aacute;n ph&aacute;t triển, viện trợ hướng đến c&aacute;c cộng đồng dễ bị tổn thương tại Việt Nam. Đại sứ qu&aacute;n tham gia dự &aacute;n x&acirc;y dựng kh&ocirc;ng gian xanh cho c&aacute;c thanh thiếu ni&ecirc;n tại bờ vở s&ocirc;ng Hồng với mục đ&iacute;ch gi&uacute;p c&aacute;c em khắc phục một số vấn đề về sức khỏe tinh thần sau đại dịch COVID-19.</p>\r\n\r\n<p><u><strong>Về Investing in Woman (IW):</strong></u><br />\r\nInvesting in Woman (IW) l&agrave; một s&aacute;ng kiến ​​của Ch&iacute;nh phủ &Uacute;c, th&uacute;c đẩy tăng trưởng kinh tế bao tr&ugrave;m th&ocirc;ng qua trao quyền kinh tế cho phụ nữ ở Đ&ocirc;ng Nam &Aacute;. Được th&agrave;nh lập v&agrave;o năm 2016, IW giải quyết một trong những vấn đề kinh tế v&agrave; x&atilde; hội quan trọng nhất của thời đại ch&uacute;ng ta: bất b&igrave;nh đẳng giới. IW sử dụng c&aacute;c phương ph&aacute;p tiếp cận s&aacute;ng tạo để cải thiện sự tham gia kinh tế của phụ nữ với tư c&aacute;ch l&agrave; nh&acirc;n vi&ecirc;n v&agrave; doanh nh&acirc;n, đồng thời t&aacute;c động đến m&ocirc;i trường thuận lợi để th&uacute;c đẩy trao quyền kinh tế của phụ nữ ở Philippines, Indonesia, Việt Nam v&agrave; Myanmar. IW tham gia dự &aacute;n với mục đ&iacute;ch x&acirc;y dựng kh&ocirc;ng gian cộng đồng, s&acirc;n chơi, khu tập thể dục thể thao d&agrave;nh cho đa dạng lứa tuổi, giới t&iacute;nh ở bờ vở.</p>\r\n\r\n<p><u><strong>Về Think Playgrounds:</strong></u><br />\r\nThink playgrounds (TPG) l&agrave; một doanh nghiệp x&atilde; hội được th&agrave;nh lập với sứ mệnh vận động cho &ldquo;Quyền được chơi&rdquo; của trẻ em th&ocirc;ng qua việc chung tay cải tạo c&aacute;c kh&ocirc;ng gian c&ocirc;ng cộng xanh sinh th&aacute;i th&acirc;n thiện với trẻ em v&agrave; với m&ocirc;i trường (s&acirc;n chơi t&aacute;i chế, vườn cộng đồng, c&ocirc;ng vi&ecirc;n nhỏ, t&aacute;c phẩm nghệ thuật cộng đồng&hellip;.) Cho đến cuối năm 2022, TPG c&ugrave;ng c&aacute;c đối t&aacute;c đ&atilde; x&acirc;y dựng hơn 230 s&acirc;n chơi c&ocirc;ng cộng v&agrave; vườn cộng đồng tr&ecirc;n cả nước, thử nghiệm m&ocirc; h&igrave;nh s&acirc;n chơi phi&ecirc;u lưu đầu ti&ecirc;n ở VN, tổ chức hơn 30 sự kiện chơi tr&ecirc;n phố, ng&agrave;y vui chơi, chơi t&aacute;i chế... ở H&agrave; Nội v&agrave; TP HCM. Trong mảng kinh doanh, TPG đ&atilde; thực hiện gần 100 s&acirc;n chơi cho c&aacute;c trường học tư nh&acirc;n, trang trại gi&aacute;o dục v&agrave; c&aacute;c khu đ&ocirc; thị mới. 50% lợi nhuận trong mảng kinh doanh được sử dụng để duy tr&igrave; c&aacute;c s&acirc;n chơi c&ocirc;ng cộng trong th&agrave;nh phố.</p>\r\n\r\n<p><u><strong>Về tổ chức V&igrave; một H&agrave; Nội đ&aacute;ng sống (VMHNĐS):</strong></u><br />\r\nV&igrave; một H&agrave; Nội đ&aacute;ng sống l&agrave; một mạng lưới của những c&aacute; nh&acirc;n v&agrave; tổ chức đang sống v&agrave; l&agrave;m việc ở H&agrave; Nội, y&ecirc;u H&agrave; Nội, v&agrave; c&oacute; mong muốn đ&oacute;ng g&oacute;p để cải thiện kh&ocirc;ng gian c&ocirc;ng cộng, m&ocirc;i trường, v&agrave; văn h&oacute;a của th&agrave;nh phố. B&ecirc;n cạnh c&aacute;c hoạt động hướng đến người lao động di cư, quan t&acirc;m đến những người yếu thế trong x&atilde; hội, mạng lưới VMHNĐS đ&atilde; thực hiện nhiều dự &aacute;n gi&uacute;p n&acirc;ng cao chất lượng cuộc sống cho người d&acirc;n th&ocirc;ng qua mở rộng kh&ocirc;ng gian c&ocirc;ng cộng, giảm thiểu &ocirc; nhiễm m&ocirc;i trường. Gần đ&acirc;y nhất l&agrave; c&aacute;c dự &aacute;n cải tạo &ldquo;b&atilde;i r&aacute;c&rdquo; ở Chương Dương (Ho&agrave;n Kiếm) th&agrave;nh tổ hợp kh&ocirc;ng gian đa chức năng, trong đ&oacute; c&oacute; vườn rừng cộng đồng, s&acirc;n chơi với mong muốn đ&oacute;ng g&oacute;p tạo ra một H&agrave; Nội đ&aacute;ng sống cho tất cả mọi người.</p>\r\n','https://static.mservice.io/blogscontents/momo-upload-api-230216133948-638121515889398519.jpg','2023-02-19','2023-03-27',1,4,'Finish',20000000),(3,'Hỗ trợ thiết bị chăm sóc trẻ sơ sinh cho Trung tâm Y tế huyện Điện Biên Đông, Điện Biên','Cùng chương trình Nâng niu Sự sống hỗ trợ thiết bị chăm sóc trẻ sơ sinh để các em bé được điều trị và chăm sóc cơ bản ngay từ khi chào đời.','<p>Điện Bi&ecirc;n Đ&ocirc;ng l&agrave; một huyện của tỉnh Điện Bi&ecirc;n, thuộc v&ugrave;ng n&uacute;i ph&iacute;a bắc c&oacute; địa h&igrave;nh n&uacute;i non hiểm trở, bị chia cắt bởi nhiều khe suối, vực s&acirc;u, đồi n&uacute;i chiếm 90% đất tự nhi&ecirc;n. Đ&acirc;y l&agrave; nơi sinh sống của gần 54.000 người thuộc 6 đồng b&agrave;o d&acirc;n tộc: M&ocirc;ng, Th&aacute;i, L&agrave;o, Khơ M&uacute;, Sinh Mun, Kinh v&agrave; c&aacute;c d&acirc;n tộc kh&aacute;c. Trong đ&oacute; người M&ocirc;ng chiếm đa số với hơn 53%. Năm 2021, Điện Bi&ecirc;n Đ&ocirc;ng nằm trong danh s&aacute;ch một trong 74 huyện ngh&egrave;o nhất của cả nước theo quyết định số 353 của Thủ tướng Ch&iacute;nh phủ.</p>\r\n\r\n<p>Trung t&acirc;m Y tế huyện Điện Bi&ecirc;n Đ&ocirc;ng l&agrave; cơ sở y tế c&oacute; năng lực cao nhất trong v&ugrave;ng v&agrave; điều trị cho to&agrave;n bộ bệnh nh&acirc;n đến từ 13 x&atilde;, 1 thị trấn của huyện v&agrave; c&aacute;c khu vực l&acirc;n cận. Số lượng bệnh nhi v&igrave; thế cũng rất đ&ocirc;ng, nhưng việc thiếu c&aacute;c trang thiết bị y tế thiết yếu cũng như năng lực đội ngũ y b&aacute;c sĩ c&ograve;n bị hạn chế cho n&ecirc;n trung t&acirc;m y tế sẽ kh&ocirc;ng thể c&oacute; đủ năng lực cứu chữa cho c&aacute;c b&eacute;. Theo b&aacute;o c&aacute;o năm 2021, tỷ lệ tử vong ở trẻ sơ sinh của huyện vẫn c&ograve;n rất cao 100%₀, v&agrave; 67%₀ đối với trẻ dưới 5 tuổi, điều n&agrave;y c&oacute; nghĩa l&agrave; cứ 1000 trẻ được sinh ra th&igrave; 100 trẻ phải tử vong do gặp c&aacute;c biến chứng sau sinh, rất cần sự can thiệp kịp thời của y b&aacute;c sĩ nhưng v&igrave; thiếu m&aacute;y m&oacute;c v&agrave; kỹ năng định bệnh cho n&ecirc;n c&aacute;c b&eacute; đ&atilde; kh&ocirc;ng được cứu chữa kịp thời, g&acirc;y đau thương v&agrave; mất m&aacute;t cho gia đ&igrave;nh đặc biệt l&agrave; c&aacute;c b&agrave; mẹ.</p>\r\n\r\n<p><img alt=\"\" src=\"https://static.mservice.io/blogscontents/momo-upload-api-230215135727-638120662470819512.jpg\" style=\"width:100%\" /></p>\r\n\r\n<p><img alt=\"\" src=\"https://static.mservice.io/blogscontents/momo-upload-api-230215135742-638120662620456478.jpg\" style=\"width:100%\" /></p>\r\n\r\n<p style=\"text-align:center\"><em>Theo b&aacute;o c&aacute;o năm 2021, cứ 1.000 trẻ được sinh ra th&igrave; 100 trẻ tử vong do gặp c&aacute;c biến chứng sau sinh.</em></p>\r\n\r\n<p>Với đặc trưng kh&iacute; hậu v&agrave; địa h&igrave;nh v&ugrave;ng n&uacute;i, đa phần c&aacute;c b&eacute; đến trung t&acirc;m khi bệnh đ&atilde; chuyển nặng, nhất l&agrave; c&aacute;c chứng bệnh vi&ecirc;m phổi nặng, vi&ecirc;m m&agrave;ng n&atilde;o, ngạt nặng sau sinh, sinh non, vv. Đ&acirc;y đều l&agrave; những bệnh rất cần sự can thiệp y tế nhanh ch&oacute;ng, ch&iacute;nh x&aacute;c v&agrave; đ&uacute;ng c&aacute;ch. Việc chuyển bệnh đối với Điện Bi&ecirc;n Đ&ocirc;ng cũng l&agrave; một th&aacute;ch thức v&ocirc; c&ugrave;ng to lớn, bởi khoảng c&aacute;ch từ trung t&acirc;m y tế đến bệnh viện đa khoa tỉnh l&agrave; khoảng hơn 50km, nhưng với địa h&igrave;nh đồi n&uacute;i v&agrave; kh&uacute;c khuỷu n&ecirc;n con đường chuyển viện lại c&agrave;ng gian nan hơn rất nhiều.</p>\r\n\r\n<p><img alt=\"\" src=\"https://static.mservice.io/blogscontents/momo-upload-api-230215135757-638120662777281786.jpg\" style=\"width:100%\" /></p>\r\n\r\n<p style=\"text-align:center\"><em>Với địa h&igrave;nh đồi n&uacute;i v&agrave; kh&uacute;c khuỷu n&ecirc;n con đường chuyển viện của c&aacute;c bệnh nhi lại c&agrave;ng gian nan hơn rất nhiều</em></p>\r\n\r\n<p>Với mục ti&ecirc;u mong muốn giảm thiểu tỷ lệ tử vong ở trẻ sơ sinh tại c&aacute;c v&ugrave;ng s&acirc;u, v&ugrave;ng xa, v&ugrave;ng đặc biệt kh&oacute; khăn, chương tr&igrave;nh N&acirc;ng niu Sự sống được thiết kế nhằm trang bị c&aacute;c thiết bị y tế chăm s&oacute;c sơ sinh thiết yếu c&ugrave;ng với đ&agrave;o tạo về sử dụng trang thiết bị để c&aacute;c b&aacute;c sĩ v&agrave; y t&aacute; ở v&ugrave;ng n&ocirc;ng th&ocirc;n, v&ugrave;ng s&acirc;u v&ugrave;ng xa như Điện Bi&ecirc;n c&oacute; thể thực hiện việc chăm s&oacute;c cơ bản v&agrave; cấp cứu cho những em b&eacute; ngay từ khi mới lọt l&ograve;ng.</p>\r\n\r\n<p><img alt=\"\" src=\"https://static.mservice.io/blogscontents/momo-upload-api-230215135815-638120662953039365.jpg\" style=\"width:100%\" /></p>\r\n\r\n<p style=\"text-align:center\"><em>Chung tay g&acirc;y quỹ hỗ trợ thiết bị y tế cho Trung t&acirc;m Y tế huyện Điện Bi&ecirc;n Đ&ocirc;ng</em></p>\r\n\r\n<p>Th&ocirc;ng qua k&ecirc;nh quy&ecirc;n g&oacute;p của MoMo, chương tr&igrave;nh N&acirc;ng niu Sự sống đặt mục ti&ecirc;u g&acirc;y quỹ 245.000.000 đồng từ c&aacute;c nh&agrave; hảo t&acirc;m để nhanh ch&oacute;ng c&oacute; đủ kinh ph&iacute; hỗ trợ c&aacute;c thiết bị y tế cho Trung t&acirc;m Y tế huyện Điện Bi&ecirc;n Đ&ocirc;ng. C&aacute;c thiết bị bao gồm:</p>\r\n\r\n<ul>\r\n	<li>1 m&aacute;y thở &aacute;p lực dương li&ecirc;n tục (CPAP) để điều trị suy h&ocirc; hấp cấp,</li>\r\n	<li>1 đ&egrave;n chiếu để điều trị bệnh v&agrave;ng da ở trẻ sơ sinh,</li>\r\n	<li>1 giường sưởi ấm trẻ sơ sinh kết hợp đ&egrave;n chiếu v&agrave;ng da để c&aacute;c b&eacute; vừa được chiếu đ&egrave;n, vừa được giữ ấm dưới tiết trời gi&aacute; lạnh,</li>\r\n	<li>1 bơm truyền dịch,</li>\r\n	<li>1 m&aacute;y monitor theo d&otilde;i bệnh nhi,</li>\r\n	<li>1 b&oacute;p b&oacute;ng ambu để gi&uacute;p th&ocirc;ng kh&iacute; khi c&aacute;c b&eacute; bị ngạt.</li>\r\n</ul>\r\n\r\n<p>To&agrave;n bộ c&aacute;c trang thiết bị n&agrave;y sẽ được lắp đặt cho Trung t&acirc;m Y tế huyện Điện Bi&ecirc;n Đ&ocirc;ng tại tỉnh Điện Bi&ecirc;n nhằm n&acirc;ng cao năng lực chăm s&oacute;c v&agrave; điều trị bệnh l&yacute; sơ sinh, giảm tỷ lệ chuyển tuyến v&agrave; giảm tỷ lệ tử vong sơ sinh ở c&aacute;c v&ugrave;ng s&acirc;u, v&ugrave;ng xa.</p>\r\n\r\n<p>Mọi sự đ&oacute;ng g&oacute;p d&ugrave; lớn hay nhỏ của Qu&yacute; vị cũng sẽ gi&uacute;p giảm thiểu tỉ lệ tử vong của trẻ sơ sinh ở huyện Điện Bi&ecirc;n Đ&ocirc;ng, đồng thời gi&uacute;p cho trẻ sơ sinh c&ugrave;ng gia đ&igrave;nh được tiếp cận với nền y tế tiến bộ hơn.</p>\r\n\r\n<p><em>*Sau khi ho&agrave;n tất chiến dịch k&ecirc;u gọi đ&oacute;ng g&oacute;p, số tiền 245.000.000 đồng sẽ được chuyển đến dự &aacute;n N&acirc;ng niu Sự sống sử dụng để tiến h&agrave;nh dự &aacute;n. Ch&uacute;ng t&ocirc;i sẽ cập nhật th&ecirc;m th&ocirc;ng tin về tiến độ dự &aacute;n đến Qu&yacute; vị trong thời gian sớm nhất.</em></p>\r\n\r\n<p><u><strong>Về Chương tr&igrave;nh N&acirc;ng niu Sự sống:</strong></u><br />\r\nChương tr&igrave;nh N&acirc;ng Niu Sự Sống được triển khai từ năm 2009 nhằm hỗ trợ cải thiện năng lực nhi khoa th&ocirc;ng qua trao tặng c&aacute;c thiết bị chăm s&oacute;c trẻ sơ sinh thiết yếu v&agrave; tập huấn sử dụng c&aacute;c trang thiết bị một c&aacute;ch hiệu quả. Th&ocirc;ng qua những hoạt động n&agrave;y, N&acirc;ng niu Sự sống hướng tới mục ti&ecirc;u giảm tỷ lệ tử vong của trẻ sơ sinh tr&ecirc;n khắp cả nước bằng c&aacute;ch cung cấp hỗ trợ kịp thời trong việc chăm s&oacute;c cho trẻ sơ sinh cho c&aacute;c trung t&acirc;m y tế. Kể từ khi th&agrave;nh lập đến th&aacute;ng 9/2022, chương tr&igrave;nh N&acirc;ng niu Sự sống đ&atilde; trao tặng 542 thiết bị chăm s&oacute;c sơ sinh cho c&aacute;c khoa hồi sức cấp cứu sơ sinh của 145 bệnh viện v&agrave; trung t&acirc;m y tế tại Th&agrave;nh phố Hồ Ch&iacute; Minh, Đ&agrave; Nẵng, Kon Tum, Cao Bằng, Sơn La, Bắc Kạn, H&agrave; Giang, Lai Ch&acirc;u, Y&ecirc;n B&aacute;i, Kh&aacute;nh H&ograve;a, Quảng Nam v&agrave; Quảng Ng&atilde;i, v&agrave; điều trị cho 123.835 trẻ sơ sinh.</p>\r\n\r\n<p>Kể từ khi bắt đầu hợp t&aacute;c với MoMo, t&iacute;nh đến th&aacute;ng 3/2022, chương tr&igrave;nh N&acirc;ng niu Sự sống đ&atilde; nhận được tổng nguồn hỗ trợ l&agrave; 250.000.000 VNĐ gi&uacute;p hỗ trợ c&aacute;c thiết bị chăm s&oacute;c trẻ sơ sinh bao gồm 1 m&aacute;y thở &aacute;p lực dương li&ecirc;n tục (CPAP) để điều trị suy h&ocirc; hấp cấp, 1 m&aacute;y đo oxy SPO2, 2 bơm ti&ecirc;m điện, 2 bộ đặt nội kh&iacute; quản v&agrave; 4 giường sơ sinh cho Trung t&acirc;m Y tế huyện Mường T&egrave; tại tỉnh Lai Ch&acirc;u.</p>\r\n','https://static.mservice.io/blogscontents/momo-upload-api-230215135642-638120662021465935.jpg','2023-02-19','2023-03-27',6,4,'Finish',15000000),(4,'Chung tay hỗ trợ 120 hộ gia đình khó khăn có vốn phát triển kinh tế cho năm 2023 (Đợt 1)','Lạm phát ở mức cao, lãi suất ngân hàng ngày càng tăng, biên giới giao thương với Trung Quốc đóng cửa khiến cho cuộc sống của nhiều hộ gia đình tại các vùng quê nghèo ngày càng chật vật','<p>&ldquo;Mấy c&acirc;y lũ vừa rồi qu&eacute;t qua, giờ nh&agrave; anh c&ograve;n g&igrave; đ&acirc;u em, hết vốn liếng l&agrave;m ăn rồi n&ecirc;n phải b&aacute;n hết đất đai, để lại vợ con ở nh&agrave;, anh đi nước ngo&agrave;i l&agrave;m việc rồi gửi tiền về gia đ&igrave;nh.&rdquo; Đ&acirc;y l&agrave; lời t&acirc;m sự của một trong những người d&acirc;n ngh&egrave;o, bởi v&igrave; ảnh hưởng nặng nề của thi&ecirc;n tai m&agrave; quyết t&acirc;m đi đến Ukraina để xuất khẩu lao động. Mặc d&ugrave; kh&ocirc;ng biết tiếng anh, cũng chưa biết sẽ phải l&agrave;m c&ocirc;ng việc g&igrave;, thế nhưng họ vẫn quyết t&acirc;m rời xa qu&ecirc; hương. Ch&iacute;nh l&agrave; với hy vọng c&oacute; th&ecirc;m nguồn thu nhập để cải thiện kinh tế gia đ&igrave;nh v&agrave; gi&uacute;p c&aacute;c con c&oacute; chi ph&iacute; tiếp tục theo đuổi giấc mơ đến trường.</p>\r\n\r\n<p><img alt=\"\" src=\"https://static.mservice.io/blogscontents/momo-upload-api-230213132833-638118917130205187.jpg\" style=\"width:100%\" /></p>\r\n\r\n<p style=\"text-align:center\"><em>Một trong những người d&acirc;n quyết t&acirc;m đi xuất khẩu lao động để c&oacute; th&ecirc;m thu nhập cho gia đ&igrave;nh</em></p>\r\n\r\n<p>Những nỗi trăn trở của người n&ocirc;ng d&acirc;n kh&ocirc;ng phải ai cũng biết được. Nhiều người sinh sống ở những th&agrave;nh phố lớn, c&oacute; thể dễ d&agrave;ng ph&agrave;n n&agrave;n về việc gi&aacute; một b&oacute; rau, một loại tr&aacute;i c&acirc;y c&oacute; gi&aacute; cao, thế nhưng họ kh&ocirc;ng hề hay biết những kh&oacute; khăn vất vả của những người l&agrave;m n&ocirc;ng. Những n&ocirc;ng sản được thu mua đều được lựa chọn những loại tốt nhất, chất lượng cao nhất. V&igrave; thế những thiệt hại v&agrave; rủi ro trong qu&aacute; tr&igrave;nh sản xuất n&ocirc;ng nghiệp, người n&ocirc;ng d&acirc;n đều phải tự m&igrave;nh g&aacute;nh v&aacute;c.</p>\r\n\r\n<p><img alt=\"\" src=\"https://static.mservice.io/blogscontents/momo-upload-api-230213132907-638118917474192655.jpg\" style=\"width:100%\" /></p>\r\n\r\n<p><img alt=\"\" src=\"https://static.mservice.io/blogscontents/momo-upload-api-230213132918-638118917585161894.jpg\" style=\"width:100%\" /></p>\r\n\r\n<p style=\"text-align:center\"><em>N&ocirc;ng d&acirc;n gặp nhiều kh&oacute; khăn trong qu&aacute; tr&igrave;nh sản xuất n&ocirc;ng nghiệp</em></p>\r\n\r\n<p>Kh&oacute; khăn c&agrave;ng chồng chất kh&oacute; khăn khi những hộ ngh&egrave;o muốn tiếp tục quay v&ograve;ng vốn th&igrave; cần phải vay ng&acirc;n h&agrave;ng. Thế nhưng l&atilde;i suất cao khiến họ trở n&ecirc;n đắn đo hơn nhiều, bởi họ kh&ocirc;ng thể dự đo&aacute;n được năm nay sẽ mất m&ugrave;a hay được m&ugrave;a, sẽ b&aacute;n được n&ocirc;ng sản gi&aacute; cao hay gi&aacute; thấp. Nếu gặp rủi ro th&igrave; sẽ kh&ocirc;ng c&oacute; kinh ph&iacute; trả nợ cho ng&acirc;n h&agrave;ng v&agrave; chi ph&iacute; sinh hoạt cho cả gia đ&igrave;nh cũng hao hụt đi rất nhiều.</p>\r\n\r\n<p>Sau 17 năm l&agrave;m việc với cộng đồng kh&oacute; khăn, Thiện Ch&iacute; hiểu r&otilde; cộng đồng hơn bao giờ hết. Nhu cầu của hộ kh&oacute; khăn chỉ từ 3-5 triệu, v&agrave; cần sự theo d&otilde;i hỗ trợ kỹ thuật. Dự &aacute;n sẽ hỗ trợ cho 240 hộ kh&oacute; khăn. Trong đ&oacute; đợt quy&ecirc;n g&oacute;p n&agrave;y, với sự hỗ trợ từ cộng đồng MoMo sẽ c&oacute; 120 hộ kh&oacute; khăn nhận được vốn (5 triệu đồng) để ph&aacute;t triển kinh tế. Ch&uacute;ng t&ocirc;i mong muốn k&ecirc;u gọi cộng đồng c&aacute;c nh&agrave; hảo t&acirc;m Tr&aacute;i Tim MoMo g&acirc;y quỹ số tiền 105.000.000 đồng. Ngo&agrave;i ra ch&uacute;ng t&ocirc;i c&ograve;n k&ecirc;u gọi cộng đồng Y&ecirc;u Heo Đất ủng hộ 495.000.000 đồng th&ocirc;ng qua Heo Đất MoMo.</p>\r\n\r\n<p><img alt=\"\" src=\"https://static.mservice.io/blogscontents/momo-upload-api-230213132946-638118917864297423.jpg\" style=\"width:100%\" /></p>\r\n\r\n<p><img alt=\"\" src=\"https://static.mservice.io/blogscontents/momo-upload-api-230213132959-638118917994183740.jpg\" style=\"width:100%\" /></p>\r\n\r\n<p style=\"text-align:center\"><em>Chung tay gi&uacute;p c&aacute;c hộ d&acirc;n ngh&egrave;o c&oacute; th&ecirc;m nguồn vốn để tiếp tục ph&aacute;t triển kinh tế</em></p>\r\n\r\n<p>Sau khi hỗ trợ vốn, Thiện Ch&iacute; sẽ tập huấn kiến thức cho hộ v&agrave; thăm hộ h&agrave;ng th&aacute;ng để đảm bảo rằng hộ c&oacute; đủ kỹ thuật trồng trọt chăn nu&ocirc;i, v&agrave; hạn chế tối đa rủi ro từ đồng vốn vay. Vốn hỗ trợ cho b&agrave; con đảm bảo 0% l&atilde;i suất.</p>\r\n\r\n<p>Sự đồng h&agrave;nh từ cộng đồng MoMo sẽ l&agrave; m&oacute;n qu&agrave; qu&yacute; gi&aacute; nhất cho cộng đồng ngh&egrave;o cho năm mới 2023. Dự &aacute;n sẽ hỗ trợ cho tổng cộng 240 hộ kh&oacute; khăn v&agrave; được chia th&agrave;nh 2 đợt:</p>\r\n\r\n<ul>\r\n	<li>Đợt 1: Quy&ecirc;n g&oacute;p &amp; Hỗ trợ 120 hộ v&agrave;o th&aacute;ng 2/2023</li>\r\n	<li>Đợt 2: Quy&ecirc;n g&oacute;p &amp; Hỗ trợ 120 hộ v&agrave;o th&aacute;ng 3/2023</li>\r\n</ul>\r\n\r\n<p><img alt=\"\" src=\"https://static.mservice.io/blogscontents/momo-upload-api-230213133025-638118918251924044.jpg\" style=\"width:100%\" /></p>\r\n\r\n<p style=\"text-align:center\"><em>Kh&ocirc;ng chỉ hỗ trợ vốn, Thiện Ch&iacute; c&ograve;n tập huấn kiến thức cho b&agrave; con</em></p>\r\n\r\n<p><u><strong>Về Thiện Ch&iacute;:</strong></u><br />\r\nThiện Ch&iacute; l&agrave; một tổ chức Phi Ch&iacute;nh phủ, hoạt động trong lĩnh vực ph&aacute;t triển cộng đồng từ năm 2005 tại B&igrave;nh Thuận (T&aacute;nh Linh, Đức Linh, H&agrave;m Thuận Nam). C&aacute;c hoạt động của Thiện Ch&iacute; 100% l&agrave; hỗ trợ c&aacute;c hộ kh&oacute; khăn ph&aacute;t triển kinh tế, học bổng cho c&aacute;c học sinh ngh&egrave;o, tạo việc l&agrave;m cho phụ nữ ngh&egrave;o, c&aacute;c chương tr&igrave;nh trường học như giới t&iacute;nh, vệ sinh răng miệng, m&ocirc;i trường.</p>\r\n\r\n<p>Mỗi năm Thiện Ch&iacute; hỗ trợ cho hơn 2,000 hộ kh&oacute; khăn ph&aacute;t triển kinh tế, hơn 1,500 học bổng cho c&aacute;c em học sinh cấp 1,2,3. Gần 100 người thất nghiệp c&oacute; thu nhập trung b&igrave;nh hơn 2,000,000đ/th&aacute;ng với những c&ocirc;ng việc part-time từ Thiện Ch&iacute;, trung b&igrave;nh hơn 20,000 trẻ em, học sinh tiểu học, THCS c&oacute; c&aacute;c kiến thức về vệ sinh răng miệng, gi&aacute;o dục giới t&iacute;nh mỗi năm. Với kinh nghiệm l&agrave;m việc với cộng đồng hơn 17 năm qua, ch&uacute;ng t&ocirc;i v&agrave; cộng đồng lu&ocirc;n l&agrave; một. V&agrave; ch&uacute;ng t&ocirc;i l&agrave;m việc với một đội ngũ nh&acirc;n sự kinh nghiệm v&agrave; nhiệt huyết với cộng đồng kh&oacute; khăn.</p>\r\n','https://static.mservice.io/blogscontents/momo-upload-api-230213132800-638118916805012378.jpg','2023-02-19','2023-03-31',4,8,'Finish',10000000),(5,'Chung tay giúp chú Hùng có chi phí chăm sóc sức khỏe sau những ngày tháng khó khăn','Cùng chung tay hỗ trợ chi phí chăm sóc sức khỏe cho chú Hùng, để những ngày tháng cuối đời chú được sống yên bình tại quán trọ','<p><strong>Những th&aacute;ng ng&agrave;y lưu lạc</strong></p>\r\n\r\n<p>Ch&uacute; Phan Thanh H&ugrave;ng sinh năm 1948 tại Bến Tre. Ch&uacute; lớn l&ecirc;n trong thời kỳ kh&aacute;ng chiến chống Mỹ &aacute;c liệt tại miền Nam. Những năm th&aacute;ng ấy, ho&agrave;n cảnh gia đ&igrave;nh kh&oacute; khăn, d&ugrave; c&ograve;n nhỏ nhưng ch&uacute; phải ra đồng phụ cha mẹ trong tiếng s&uacute;ng nổ, đạn lạc đầy trời. Trong một lần nghe tiếng đạn, ch&uacute; sợ h&atilde;i chạy loạn theo to&aacute;n người rồi lưu lạc l&ecirc;n S&agrave;i G&ograve;n. Ng&oacute;t ngh&eacute;t đ&atilde; hơn 50 năm, ch&uacute; sống ngo&agrave;i vỉa h&egrave;.</p>\r\n\r\n<p><img alt=\"\" src=\"https://static.mservice.io/blogscontents/momo-upload-api-230209142305-638115493852876006.jpg\" style=\"width:100%\" /></p>\r\n\r\n<p><img alt=\"\" src=\"https://static.mservice.io/blogscontents/momo-upload-api-230209142316-638115493960504120.jpg\" style=\"width:100%\" /></p>\r\n\r\n<p style=\"text-align:center\"><em>Ch&uacute; H&ugrave;ng chưa từng nghĩ bản th&acirc;n sẽ c&oacute; được m&aacute;i nh&agrave; ấm c&uacute;ng những năm th&aacute;ng cuối đời</em></p>\r\n\r\n<p>Sau chừng ấy năm, ch&uacute; H&ugrave;ng kh&ocirc;ng nh&agrave; cửa, kh&ocirc;ng tiền bạc, cũng kh&ocirc;ng c&oacute; c&aacute;ch n&agrave;o li&ecirc;n lạc được với người th&acirc;n. Ch&uacute; chỉ c&ograve;n nhớ mang m&aacute;ng những kỷ niệm xưa v&agrave; chấp nhận một cuộc sống lấy trời l&agrave;m nh&agrave;, lấy đất l&agrave;m giường. Ch&uacute; cũng kh&ocirc;ng biết ng&agrave;y mai, cuộc sống m&igrave;nh sẽ thế n&agrave;o khi tuổi cao sức yếu.</p>\r\n\r\n<p><strong>C&ugrave;ng chung tay gi&uacute;p đỡ ch&uacute; H&ugrave;ng để giảm bớt những đau đớn do bệnh tật d&agrave;y v&ograve;</strong></p>\r\n\r\n<p>Ch&uacute; H&ugrave;ng về ở Qu&aacute;n trọ Trăng Khuyết Quận 8 thấm tho&aacute;t đ&atilde; được 5 th&aacute;ng. Những mỗi khi nghĩ đến ch&uacute; đều ngỡ như mới ng&agrave;y h&ocirc;m qua. Ch&uacute; t&acirc;m sự, bản th&acirc;n chưa từng nghĩ m&igrave;nh sẽ c&oacute; được m&aacute;i nh&agrave; ấm c&uacute;ng những năm th&aacute;ng cuối đời, hơn nữa c&ograve;n c&oacute; thể đ&ugrave;m bọc v&agrave; chăm s&oacute;c nhau giữa những người bạn gi&agrave; c&ugrave;ng cảnh ngộ. May mắn bất ngờ ập tới n&ecirc;n ch&uacute; c&agrave;ng biết ơn v&agrave; tr&acirc;n trọng những g&igrave; m&igrave;nh nhận được. Tuy ch&uacute; lớn tuổi, sức khỏe yếu, nhưng lu&ocirc;n hăng h&aacute;i gi&uacute;p đỡ mọi người. Từ khu&acirc;n v&aacute;c, bưng b&ecirc;,&hellip; tới trang tr&iacute; Qu&aacute;n trọ đ&oacute;n những ng&agrave;y lễ tết với niềm vui dạt d&agrave;o. Ch&uacute; kh&ocirc;ng biết chữ nhưng vẫn h&agrave;ng ng&agrave;y xem h&igrave;nh tr&ecirc;n b&aacute;o, rồi kể lại cho mọi người v&ocirc; c&ugrave;ng h&agrave;o hứng. Nhờ thế m&agrave; mọi người trong qu&aacute;n trọ kh&ocirc;ng ngớt những trận cười vui vẻ.</p>\r\n\r\n<p><img alt=\"\" src=\"https://static.mservice.io/blogscontents/momo-upload-api-230209142339-638115494192986800.jpg\" style=\"width:100%\" /></p>\r\n\r\n<p><img alt=\"\" src=\"https://static.mservice.io/blogscontents/momo-upload-api-230209142357-638115494374319989.jpg\" style=\"width:100%\" /></p>\r\n\r\n<p style=\"text-align:center\"><em>Ch&uacute; H&ugrave;ng lu&ocirc;n hăng h&aacute;i gi&uacute;p đỡ mọi người v&agrave; nhận nhiều c&ocirc;ng việc trong qu&aacute;n trọ để đỡ đần c&aacute;c cụ kh&aacute;c</em></p>\r\n\r\n<p>Dẫu ch&uacute; sống t&iacute;ch cực v&agrave; lạc quan nhưng hơn 50 năm sống ngo&agrave;i sương gi&oacute;, khi tuổi đ&atilde; cao, sức khỏe ch&uacute; cũng dần suy yếu. Ch&uacute; vẫn lu&ocirc;n đau nhức khi tr&aacute;i gi&oacute; trở trời, hay những trận ho dai dẳng.</p>\r\n\r\n<p>Với mong muốn gi&uacute;p ch&uacute; H&ugrave;ng c&oacute; th&ecirc;m kinh ph&iacute; kh&aacute;m chữa bệnh, V&iacute; MoMo phối hợp c&ugrave;ng Quỹ Từ Thiện &amp; BTXH Trăng Khuyết k&ecirc;u gọi cộng đồng c&ugrave;ng chung tay g&acirc;y quỹ số tiền 30.000.000 đồng. To&agrave;n bộ số tiền n&agrave;y sau khi k&ecirc;u gọi được sẽ được d&ugrave;ng l&agrave;m chi ph&iacute; hỗ trợ kh&aacute;m chữa bệnh cho ch&uacute; H&ugrave;ng.</p>\r\n\r\n<p>Rất mong c&aacute;c mạnh thường qu&acirc;n, c&aacute;c nh&agrave; hảo t&acirc;m sẽ đồng h&agrave;nh c&ugrave;ng chương tr&igrave;nh quy&ecirc;n g&oacute;p lần n&agrave;y của MoMo v&agrave; Trăng Khuyết để hỗ trợ cho những số phận đơn chiếc. D&ugrave; đ&oacute;ng g&oacute;p n&agrave;o cũng đều đ&aacute;ng qu&yacute;, c&ugrave;ng l&agrave; t&igrave;nh y&ecirc;u thương đong đầy của của c&ocirc; ch&uacute;, anh chị d&agrave;nh cho c&aacute;c cụ gi&agrave; neo đơn.</p>\r\n\r\n<p><em>*Sau khi ho&agrave;n tất chiến dịch k&ecirc;u gọi đ&oacute;ng g&oacute;p, MoMo sẽ chuyển to&agrave;n bộ số tiền 30.000.000 đồng đ&atilde; g&acirc;y quỹ gửi đến Quỹ Từ Thiện &amp; BTXH Trăng Khuyết hỗ trợ chi ph&iacute; kh&aacute;m chữa bệnh cho ch&uacute; H&ugrave;ng. Ch&uacute;ng t&ocirc;i sẽ cập nhật th&ecirc;m th&ocirc;ng tin về tiến độ dự &aacute;n đến Qu&yacute; vị trong thời gian sớm nhất. </em></p>\r\n\r\n<p><strong><u>Về Quỹ Từ Thiện &amp; BTXH Trăng Khuyết:</u></strong><br />\r\nTrăng Khuyết l&agrave; một tổ chức từ thiện về nh&acirc;n đạo v&agrave; sự sống, nhằm kết nối cộng đồng v&agrave; thực hiện c&aacute;c hoạt động trợ gi&uacute;p trực tiếp cho c&aacute;c cụ gi&agrave; kh&ocirc;ng nơi nương tựa v&agrave; trẻ em bị bỏ rơi. Th&ocirc;ng qua c&aacute;c hoạt động: cứu trợ khẩn cấp, cung cấp bữa ăn, chỗ ở v&agrave; cải thiện cuộc sống. Trăng Khuyết hoạt động độc lập, phi t&ocirc;n gi&aacute;o v&agrave; phi lợi nhuận tr&ecirc;n to&agrave;n l&atilde;nh thổ Việt Nam. Th&ocirc;ng qua ph&aacute;p nh&acirc;n l&agrave; Quỹ Từ Thiện &amp; BTXH Trăng Khuyết, một doanh nghiệp x&atilde; hội, hoạt động 100% v&igrave; cộng đồng.</p>\r\n\r\n<p>*MoMo biết rằng c&ograve;n rất nhiều ho&agrave;n cảnh kh&oacute; khăn tr&ecirc;n khắp đất nước của ch&uacute;ng ta cần được bảo trợ. Bạn hay c&aacute;c c&ocirc;ng ty h&atilde;y li&ecirc;n hệ với ch&uacute;ng t&ocirc;i để c&ugrave;ng t&agrave;i trợ, gi&uacute;p đỡ tạo n&ecirc;n một cộng đồng Việt Nam nh&acirc;n &aacute;i nh&eacute;! donation@mservice.com.vn</p>\r\n','https://static.mservice.io/blogscontents/momo-upload-api-230209142223-638115493430633823.jpg','2023-02-19','2023-04-14',2,10,'Active',80000000),(6,'Giúp chú Minh có thêm chi phí thuốc men và khám suy tim khi về già quạnh hiu','Cùng chung tay giúp chú Minh có kinh phí khám chữa bệnh, sống an vui những ngày tháng tuổi già tại Quán trọ Trăng Khuyết Q.8','<p><strong>D&agrave;nh nửa đời người b&aacute;o hiếu, ch&uacute; Minh giữ trọn đạo l&agrave;m con</strong></p>\r\n\r\n<p>Ch&uacute; t&ecirc;n Nguyễn Hữu Minh sinh năm 1963. Ch&uacute; sinh ra v&agrave; lớn l&ecirc;n ở S&agrave;i G&ograve;n. Ch&uacute; Minh đam m&ecirc; v&agrave; t&acirc;m huyết với c&ocirc;ng việc ở đ&agrave;i truyền h&igrave;nh. Nhưng ước mơ ấy cũng dần dang dở v&igrave; ba mẹ ch&uacute; Minh bệnh nặng. Ba ch&uacute; Minh bị biến chứng tai biến 14 năm n&ecirc;n nằm liệt giường. Cũng l&agrave; ngần ấy năm ch&uacute; một th&acirc;n một m&igrave;nh chăm s&oacute;c cho ba. Chưa hết kh&oacute; khăn n&agrave;y tới kh&oacute; khăn kh&aacute;c ập tới, khi mẹ ch&uacute; cũng kh&ocirc;ng may bị t&eacute; g&atilde;y xương đ&ugrave;i nằm một chỗ suốt 8 năm.</p>\r\n\r\n<p>Thanh xu&acirc;n của ch&uacute; cũng dần đi theo những lần b&aacute;n t&agrave;i sản trong gia đ&igrave;nh để chạy chữa cho ba mẹ. Ch&uacute; Minh chỉ c&ograve;n biết b&aacute;m v&iacute;u v&agrave;o ước mơ với nghề. Thế nhưng ch&uacute; cũng đ&agrave;nh từ bỏ bởi c&ocirc;ng việc kh&ocirc;ng thể cứ tr&igrave; ho&atilde;n để chờ đợi ch&uacute;.</p>\r\n\r\n<p><img alt=\"\" src=\"https://static.mservice.io/blogscontents/momo-upload-api-230209141506-638115489069796534.jpg\" style=\"width:100%\" /></p>\r\n\r\n<p style=\"text-align:center\"><em>Ch&uacute; Minh d&agrave;nh hơn nửa đời để chăm s&oacute;c cho cha mẹ bệnh tật m&agrave; kh&ocirc;ng m&agrave;ng đến điều g&igrave;</em></p>\r\n\r\n<p>Mẹ ch&uacute; mất khi ch&uacute; 55 tuổi. Nh&igrave;n lại quanh m&igrave;nh, ch&uacute; chỉ c&ograve;n tuổi gi&agrave; đang ập tới v&agrave; sự c&ocirc; độc. Bởi ch&uacute; v&igrave; thương ba mẹ gi&agrave;, v&igrave; chữ hiếu n&ecirc;n sống lủi thủi chăm s&oacute;c ba mẹ. Đến khi chợt nghĩ đến hạnh ph&uacute;c cho ri&ecirc;ng m&igrave;nh, muốn t&igrave;m bạn đời th&igrave; cũng đ&atilde; trễ. Tuổi kh&ocirc;ng c&ograve;n trẻ, tiền cũng chẳng c&oacute;. Ch&uacute; lầm lũi bắt đầu c&ocirc;ng việc b&aacute;n b&aacute;nh b&ograve; v&agrave; khoai m&igrave; để tự nu&ocirc;i sống bản th&acirc;n trong căn nh&agrave; trọ.</p>\r\n\r\n<p><strong>C&ugrave;ng chung tay gi&uacute;p đỡ ch&uacute; Minh</strong></p>\r\n\r\n<p>Tiếng rao h&agrave;ng của ch&uacute; vang khắp nẻo đường S&agrave;i G&ograve;n. Nhưng chẳng c&ograve;n mấy người mua, kh&ocirc;ng &iacute;t ng&agrave;y ch&uacute; phải ăn b&aacute;nh b&ograve;, khoai m&igrave; trừ cơm. Trong một lần, ch&uacute; l&ecirc;n cơn suy tim, ng&atilde; khuỵu giữa đường, được người d&acirc;n đưa v&agrave;o bệnh viện Nguyễn Tri Phương.</p>\r\n\r\n<p><img alt=\"\" src=\"https://static.mservice.io/blogscontents/momo-upload-api-230209141700-638115490203795352.jpg\" style=\"width:100%\" /></p>\r\n\r\n<p><img alt=\"\" src=\"https://static.mservice.io/blogscontents/momo-upload-api-230209141712-638115490320327309.jpg\" style=\"width:100%\" /></p>\r\n\r\n<p style=\"text-align:center\"><em>Ch&uacute; hạnh ph&uacute;c khi nhận được m&oacute;n qu&agrave; v&agrave; sự quan t&acirc;m của c&aacute;c mạnh thường qu&acirc;n</em></p>\r\n\r\n<p>Sau 1 th&aacute;ng điều trị, ch&uacute; được bệnh viện gửi gắm đến Qu&aacute;n trọ Trăng Khuyết. Đối với ch&uacute; Minh, những ng&agrave;y th&aacute;ng sống b&ecirc;n những người bạn gi&agrave;, ngỡ như một ph&eacute;p m&agrave;u. Ch&uacute; kh&ocirc;ng c&ograve;n phải lo cơm ăn &aacute;o mặc, kh&ocirc;ng c&ograve;n phải nghĩ suy về những th&aacute;ng ng&agrave;y c&ograve;n lại của tuổi gi&agrave;. Vậy nhưng căn bệnh suy tim khiến sức khỏe ch&uacute; lại ng&agrave;y suy yếu, kh&ocirc;ng thể đi l&agrave;m để c&oacute; th&ecirc;m nguồn chi ph&iacute; cho việc kh&aacute;m v&agrave; chữa bệnh.</p>\r\n\r\n<p>Với mong muốn gi&uacute;p ch&uacute; Minh c&oacute; th&ecirc;m kinh ph&iacute; kh&aacute;m chữa bệnh, v&iacute; MoMo phối hợp c&ugrave;ng Quỹ Từ Thiện &amp; BTXH Trăng Khuyết k&ecirc;u gọi số tiền 30.000.000 VNĐ. To&agrave;n bộ số tiền n&agrave;y sau khi k&ecirc;u gọi được sẽ được d&ugrave;ng l&agrave;m chi ph&iacute; hỗ trợ kh&aacute;m chữa bệnh cho ch&uacute; Minh.</p>\r\n\r\n<p>Rất mong c&aacute;c mạnh thường qu&acirc;n, c&aacute;c nh&agrave; hảo t&acirc;m sẽ đồng h&agrave;nh c&ugrave;ng chương tr&igrave;nh quy&ecirc;n g&oacute;p lần n&agrave;y của MoMo v&agrave; Trăng Khuyết hỗ trợ cho những số phận đơn chiếc. D&ugrave; đ&oacute;ng g&oacute;p n&agrave;o cũng đều đ&aacute;ng qu&yacute;, c&ugrave;ng l&agrave; t&igrave;nh y&ecirc;u thương đong đầy của của c&ocirc; ch&uacute;, anh chị d&agrave;nh cho c&aacute;c cụ gi&agrave; neo đơn.</p>\r\n\r\n<p><em>*Sau khi ho&agrave;n tất chiến dịch k&ecirc;u gọi đ&oacute;ng g&oacute;p, MoMo sẽ chuyển to&agrave;n bộ số tiền 30.000.000 đồng đ&atilde; g&acirc;y quỹ gửi đến Quỹ Từ Thiện &amp; BTXH Trăng Khuyết hỗ trợ chi ph&iacute; kh&aacute;m chữa bệnh cho ch&uacute; Minh. Ch&uacute;ng t&ocirc;i sẽ cập nhật th&ecirc;m th&ocirc;ng tin về tiến độ dự &aacute;n đến Qu&yacute; vị trong thời gian sớm nhất. </em></p>\r\n\r\n<p><u><strong>Về Quỹ Từ Thiện &amp; BTXH Trăng Khuyết:</strong></u><br />\r\nTrăng Khuyết l&agrave; một tổ chức từ thiện về nh&acirc;n đạo v&agrave; sự sống, nhằm kết nối cộng đồng v&agrave; thực hiện c&aacute;c hoạt động trợ gi&uacute;p trực tiếp cho c&aacute;c cụ gi&agrave; kh&ocirc;ng nơi nương tựa v&agrave; trẻ em bị bỏ rơi. Th&ocirc;ng qua c&aacute;c hoạt động: cứu trợ khẩn cấp, cung cấp bữa ăn, chỗ ở v&agrave; cải thiện cuộc sống. Trăng Khuyết hoạt động độc lập, phi t&ocirc;n gi&aacute;o v&agrave; phi lợi nhuận tr&ecirc;n to&agrave;n l&atilde;nh thổ Việt Nam. Th&ocirc;ng qua ph&aacute;p nh&acirc;n l&agrave; Quỹ Từ Thiện &amp; BTXH Trăng Khuyết, một doanh nghiệp x&atilde; hội, hoạt động 100% v&igrave; cộng đồng</p>\r\n\r\n<p>*MoMo biết rằng c&ograve;n rất nhiều ho&agrave;n cảnh kh&oacute; khăn tr&ecirc;n khắp đất nước của ch&uacute;ng ta cần được bảo trợ. Bạn hay c&aacute;c c&ocirc;ng ty h&atilde;y li&ecirc;n hệ với ch&uacute;ng t&ocirc;i để c&ugrave;ng t&agrave;i trợ, gi&uacute;p đỡ tạo n&ecirc;n một cộng đồng Việt Nam nh&acirc;n &aacute;i nh&eacute;! donation@mservice.com.vn</p>\r\n','https://static.mservice.io/blogscontents/momo-upload-api-230209141427-638115488679470036.jpg','2023-02-19','2023-03-31',2,10,'Finish',50000000),(7,'Cùng giúp ông Trịnh Ngưu ở tuổi 80 vẫn còn lượm ve chai có cuộc sống an vui cuối đời','Chung tay giúp ông Minh có kinh phí khám chữa bệnh, sống an vui những ngày tháng tuổi già tại Quán trọ Trăng Khuyết Quận 8','<p><strong>80 tuổi &ocirc;ng Trịnh Ngưu vẫn miệt m&agrave;i mưu sinh</strong></p>\r\n\r\n<p>80 tuổi l&agrave; độ tuổi m&agrave; nhiều người đ&atilde; được an hưởng tuổi gi&agrave;, vui sống c&ugrave;ng con ch&aacute;u th&igrave; &ocirc;ng Trịnh Ngưu vẫn ng&agrave;y ng&agrave;y lượm ve chai để kiếm sống. Gương mặt hiền l&agrave;nh, m&aacute;i t&oacute;c bạc trắng, &ocirc;ng lu&ocirc;n tạo thiện cảm cho những người xung quanh n&ecirc;n họ lu&ocirc;n thương qu&yacute;. Chẳng ai ngờ rằng ph&iacute;a sau nụ cười ấy l&agrave; một cuộc sống c&ocirc; độc. &Ocirc;ng Trịnh Ngưu l&agrave; người Hoa, qu&ecirc; qu&aacute;n ở Trung Quốc. Cuộc sống ở qu&ecirc; nh&agrave; ngh&egrave;o kh&oacute; n&ecirc;n &ocirc;ng theo cha mẹ sang Việt Nam để t&igrave;m c&ocirc;ng việc.</p>\r\n\r\n<p>Nhưng chẳng bao l&acirc;u th&igrave; cha mẹ &ocirc;ng mất, &ocirc;ng bơ vơ sống tại căn nh&agrave; trọ ở Quận B&igrave;nh T&acirc;n. Khi c&ograve;n trẻ, &ocirc;ng l&agrave;m đủ nghề để c&oacute; c&aacute;i ăn c&aacute;i mặc. &Ocirc;ng cũng kh&ocirc;ng c&oacute; vợ con. Bởi &ocirc;ng kh&ocirc;ng muốn l&agrave;m khổ người kh&aacute;c khi &ocirc;ng chẳng c&oacute; g&igrave; ngo&agrave;i hai b&agrave;n tay trắng.</p>\r\n\r\n<p><img alt=\"\" src=\"https://static.mservice.io/blogscontents/momo-upload-api-230209140529-638115483295599410.jpg\" style=\"width:100%\" /></p>\r\n\r\n<p style=\"text-align:center\"><em>Khi sức khỏe trở n&ecirc;n suy yếu &ocirc;ng Trịnh Ngưu đ&atilde; về sống c&ugrave;ng nhiều cụ gi&agrave; tại Qu&aacute;n trọ Trăng Khuyết, Quận 8</em></p>\r\n\r\n<p>Th&aacute;ng rộng ng&agrave;y d&agrave;i, tuổi t&aacute;c c&agrave;ng cao, sức khỏe &ocirc;ng c&agrave;ng yếu. Những c&ocirc;ng việc nặng nhọc, kh&ocirc;ng đ&ograve;i hỏi tr&igrave;nh độ đ&atilde; kh&ocirc;ng c&ograve;n ph&ugrave; hợp với &ocirc;ng. &Ocirc;ng đ&agrave;nh chuyển sang lượm ve chai. Chừng ấy đồng cũng kh&ocirc;ng đủ &ocirc;ng duy tr&igrave; cuộc sống ở nh&agrave; trọ. C&agrave;ng ng&agrave;y số tiền &ocirc;ng kiếm được c&agrave;ng &iacute;t đi. Cuối c&ugrave;ng &ocirc;ng cũng đ&agrave;nh chấp nhận cuộc sống của kẻ t&uacute;ng quẫn, dưới m&aacute;i hi&ecirc;n nh&agrave; người kh&aacute;c, l&agrave; m&aacute;i nh&agrave; người ta.</p>\r\n\r\n<p><strong>Lu&ocirc;n san sẻ những người k&eacute;m may mắn</strong></p>\r\n\r\n<p>V&igrave; sống khổ cực, &ocirc;ng Trịnh Ngưu cũng thấu hiểu v&agrave; đồng cảm với những phận đời tương tự. Khi &ocirc;ng nhận được qu&agrave; b&aacute;nh hay được cho tiền, &ocirc;ng chưa bao giờ giữ hết cho m&igrave;nh. &Ocirc;ng lu&ocirc;n san sẻ với mọi người. Bởi đức t&iacute;nh ấy, m&agrave; &ocirc;ng được nhiều người y&ecirc;u mến.</p>\r\n\r\n<p>Cực khổ l&uacute;c trẻ, về gi&agrave; chẳng thảnh thơi. Ngo&agrave;i căn bệnh l&atilde;ng tai của người gi&agrave;, &ocirc;ng c&ograve;n bị đau nhức xương khớp nặng. Những khi tr&aacute;i gi&oacute; trở trời, &ocirc;ng đau nhức kh&ocirc;ng thể n&agrave;o ngủ được.</p>\r\n\r\n<p><img alt=\"\" src=\"https://static.mservice.io/blogscontents/momo-upload-api-230209140606-638115483662403759.jpg\" style=\"width:100%\" /></p>\r\n\r\n<p><img alt=\"\" src=\"https://static.mservice.io/blogscontents/momo-upload-api-230209140619-638115483791435285.jpg\" style=\"width:100%\" /></p>\r\n\r\n<p style=\"text-align:center\"><em>Chung tay gi&uacute;p &ocirc;ng Trịnh Ngưu c&oacute; th&ecirc;m kinh ph&iacute; kh&aacute;m chữa bệnh để giảm bớt nỗi đau bệnh tật</em></p>\r\n\r\n<p>Với mong muốn gi&uacute;p &ocirc;ng Trịnh Ngưu c&oacute; th&ecirc;m kinh ph&iacute; kh&aacute;m chữa bệnh, v&iacute; MoMo phối hợp c&ugrave;ng Quỹ Từ Thiện &amp; BTXH Trăng Khuyết k&ecirc;u gọi số tiền 30.000.000 VNĐ. To&agrave;n bộ số tiền n&agrave;y sau khi k&ecirc;u gọi được sẽ được d&ugrave;ng l&agrave;m chi ph&iacute; hỗ trợ kh&aacute;m chữa bệnh cho &ocirc;ng Trịnh Ngưu.</p>\r\n\r\n<p>Rất mong c&aacute;c mạnh thường qu&acirc;n, c&aacute;c nh&agrave; hảo t&acirc;m sẽ đồng h&agrave;nh c&ugrave;ng chương tr&igrave;nh quy&ecirc;n g&oacute;p lần n&agrave;y của MoMo v&agrave; Trăng Khuyết để những cuộc đời đơn độc n&agrave;y lần nữa được sống trong y&ecirc;u thương của cộng đồng.</p>\r\n\r\n<p><em>*Sau khi ho&agrave;n tất chiến dịch k&ecirc;u gọi đ&oacute;ng g&oacute;p, MoMo sẽ chuyển to&agrave;n bộ số tiền 30.000.000 đồng đ&atilde; g&acirc;y quỹ gửi đến Quỹ Từ Thiện &amp; BTXH Trăng Khuyết hỗ trợ chi ph&iacute; kh&aacute;m chữa bệnh cho &ocirc;ng Trịnh Ngưu. Ch&uacute;ng t&ocirc;i sẽ cập nhật th&ecirc;m th&ocirc;ng tin về tiến độ dự &aacute;n đến Qu&yacute; vị trong thời gian sớm nhất. </em></p>\r\n\r\n<p><strong><u>Về Quỹ Từ Thiện &amp; BTXH Trăng Khuyết:</u></strong><br />\r\nTrăng Khuyết l&agrave; một tổ chức từ thiện về nh&acirc;n đạo v&agrave; sự sống, nhằm kết nối cộng đồng v&agrave; thực hiện c&aacute;c hoạt động trợ gi&uacute;p trực tiếp cho c&aacute;c cụ gi&agrave; kh&ocirc;ng nơi nương tựa v&agrave; trẻ em bị bỏ rơi. Th&ocirc;ng qua c&aacute;c hoạt động: cứu trợ khẩn cấp, cung cấp bữa ăn, chỗ ở v&agrave; cải thiện cuộc sống. Trăng Khuyết hoạt động độc lập, phi t&ocirc;n gi&aacute;o v&agrave; phi lợi nhuận tr&ecirc;n to&agrave;n l&atilde;nh thổ Việt Nam. Th&ocirc;ng qua ph&aacute;p nh&acirc;n l&agrave; Quỹ Từ Thiện &amp; BTXH Trăng Khuyết, một doanh nghiệp x&atilde; hội, hoạt động 100% v&igrave; cộng đồng</p>\r\n\r\n<p>*MoMo biết rằng c&ograve;n rất nhiều ho&agrave;n cảnh kh&oacute; khăn tr&ecirc;n khắp đất nước của ch&uacute;ng ta cần được bảo trợ. Bạn hay c&aacute;c c&ocirc;ng ty h&atilde;y li&ecirc;n hệ với ch&uacute;ng t&ocirc;i để c&ugrave;ng t&agrave;i trợ, gi&uacute;p đỡ tạo n&ecirc;n một cộng đồng Việt Nam nh&acirc;n &aacute;i nh&eacute;!</p>\r\n','https://static.mservice.io/blogscontents/momo-upload-api-230209140451-638115482915040786.jpg','2023-02-19','2023-05-05',4,10,'Active',100000000),(8,'Cùng Quỹ Hy Vọng xây mới nhà vệ sinh cho các em học sinh huyện Mường Nhé, tỉnh Điện Biên (Đợt 2)','Dự án Vệ sinh học đường sẽ giúp các em học sinh vùng cao thuộc huyện Mường Nhé, tỉnh Điện Biên sẽ không phải sử dụng những lán vệ sinh tạm bợ khi có sự chung tay của cộng đồng cùng Quỹ Hy Vọng.','<p><strong>Những c&ocirc;ng tr&igrave;nh vệ sinh tạm tại Mường Nh&eacute;</strong></p>\r\n\r\n<p>Qu&aacute; tải, xuống cấp, hư hỏng... l&agrave; t&igrave;nh trạng chung của nhiều nh&agrave; vệ sinh trường học v&ugrave;ng cao, trong đ&oacute; c&oacute; huyện Mường Nh&eacute;, tỉnh Điện Bi&ecirc;n.</p>\r\n\r\n<p>Tại điểm trường Nậm M&igrave; 1 (Trung t&acirc;m), thuộc trường Tiểu học Huổi Lếch, huyện Mường Nh&eacute;, hơn 300 em học sinh v&agrave; gần 20 gi&aacute;o vi&ecirc;n sử dụng chung một nh&agrave; vệ sinh qu&acirc;y tạm bằng t&ocirc;n. Hệ thống xử l&yacute; chất thải, tho&aacute;t nước c&ograve;n chưa được xử l&yacute;.</p>\r\n\r\n<p>Tại điểm trường Huổi Pinh, thuộc trường Tiểu học Mường Toong 1, nh&agrave; vệ sinh từng c&oacute; nhưng qua thời gian, nay đ&atilde; xuống cấp v&agrave; hư hỏng trầm trọng, gần như kh&ocirc;ng sử dụng được.</p>\r\n\r\n<p><img alt=\"\" src=\"https://static.mservice.io/blogscontents/momo-upload-api-230206110209-638112781293171338.jpg\" style=\"width:100%\" /></p>\r\n\r\n<p style=\"text-align:center\"><img alt=\"\" src=\"https://static.mservice.io/blogscontents/momo-upload-api-230206110222-638112781421745280.jpg\" style=\"width:100%\" /> <em>Nh&agrave; vệ sinh tại điểm trường Nậm M&igrave; 1 cho hơn 300 học sinh.</em></p>\r\n\r\n<p style=\"text-align:center\"><img alt=\"\" src=\"https://static.mservice.io/blogscontents/momo-upload-api-230206110312-638112781920420144.jpg\" style=\"width:100%\" /> <em>Nh&agrave; vệ sinh tại điểm trường Huổi Thanh 1 hiện phục vụ 30 học sinh v&agrave; 2 gi&aacute;o vi&ecirc;n.</em></p>\r\n\r\n<p>Thậm ch&iacute;, một số điểm trường ở Mường Nh&eacute; như bản Huổi L&uacute;m, Huổi Ban, Huổi Lếch, Huổi Pết&hellip; kh&ocirc;ng c&oacute; nh&agrave; vệ sinh, gi&aacute;o vi&ecirc;n v&agrave; học sinh phải đi nhờ. Hoặc tại điểm trường Xi Ma 1-2, Chuy&ecirc;n Gia 1-2, nh&agrave; vệ sinh chỉ đơn giản được qu&acirc;y bằng bạt, v&aacute;n gỗ sơ s&agrave;i, g&acirc;y bất tiện v&agrave; kh&ocirc;ng đảm bảo vệ sinh cho cả gi&aacute;o vi&ecirc;n v&agrave; học sinh.</p>\r\n\r\n<p><strong>Vệ sinh trường học - nỗi &aacute;m ảnh của học sinh khi đến trường</strong></p>\r\n\r\n<p>Theo số liệu của Bộ Gi&aacute;o dục v&agrave; Đ&agrave;o tạo, năm học 2019 - 2020 c&ograve;n hơn 30% nh&agrave; vệ sinh trường học chưa đạt chuẩn tr&ecirc;n cả nước. B&aacute;o c&aacute;o của UNICEF tại Việt Nam chỉ ra rằng, việc thiếu khả năng tiếp cận với nước sạch v&agrave; vệ sinh m&ocirc;i trường, c&ugrave;ng với c&aacute;c thực h&agrave;nh vệ sinh k&eacute;m g&oacute;p phần l&agrave;m tăng cao tỷ lệ ti&ecirc;u chảy, vi&ecirc;m phổi v&agrave; nhiễm k&yacute; sinh tr&ugrave;ng.</p>\r\n\r\n<p>Hiện nay, Chương tr&igrave;nh Sức khỏe học đường giai đoạn 2021 - 2025 do Thủ tướng Ch&iacute;nh phủ ph&ecirc; duyệt, đặt mục ti&ecirc;u năm 2025, 100% trường học c&oacute; nh&agrave; vệ sinh, trong đ&oacute; 50% trường học c&oacute; đủ nh&agrave; vệ sinh cho học sinh theo quy định v&agrave; 80% nh&agrave; vệ sinh bảo đảm điều kiện hợp vệ sinh.</p>\r\n\r\n<p>Với việc ra đời dự &aacute;n &quot;Vệ sinh học đường&quot;, Quỹ Hy Vọng đặt mục ti&ecirc;u x&acirc;y dựng 100 nh&agrave; vệ sinh mới trong năm 2022 - 2023, gi&uacute;p trẻ em n&acirc;ng cao hiểu biết về vệ sinh học đường, từ đ&oacute; biết c&aacute;ch chăm s&oacute;c sức khỏe bản th&acirc;n, tạo nền tảng cho một thế hệ khoẻ mạnh.</p>\r\n\r\n<p style=\"text-align:center\"><img alt=\"\" src=\"https://static.mservice.io/blogscontents/momo-upload-api-230206110401-638112782411242492.jpg\" style=\"width:100%\" /> <em>Học sinh tại trường Huổi Thanh 1, Trường Tiểu học Nậm K&egrave; phải ngồi gh&eacute;p lớp.</em></p>\r\n\r\n<p>B&agrave; Trương Thanh Thanh, Chủ tịch Hội đồng Quản l&yacute; Quỹ Hy Vọng cho biết đ&acirc;y l&agrave; dự &aacute;n m&agrave; quỹ đ&atilde; ấp ủ từ l&acirc;u, sẽ kh&ocirc;ng chỉ thực hiện tại Sơn La, Điện Bi&ecirc;n m&agrave; dự kiến c&ograve;n được triển khai tại một số tỉnh v&ugrave;ng n&uacute;i ph&iacute;a Bắc trong thời gian tới.</p>\r\n\r\n<p>&quot;Nhiều em đ&atilde; t&acirc;m sự rằng kh&ocirc;ng d&aacute;m đi vệ sinh ở trường v&igrave; qu&aacute; dơ, qu&aacute; bất tiện. Điều đ&oacute; th&ocirc;i th&uacute;c Quỹ ngo&agrave;i x&acirc;y trường cho c&aacute;c em, c&ograve;n hướng đến cải tạo th&ecirc;m hệ thống nh&agrave; vệ sinh, để c&aacute;c em c&oacute; điều kiện học h&agrave;nh tốt hơn. Ch&uacute;ng t&ocirc;i mong sẽ tiếp tục nhận được sự đồng h&agrave;nh, ủng hộ của c&aacute;c doanh nghiệp, c&aacute;c nh&agrave; hảo t&acirc;m để cuộc sống của trẻ em Việt Nam c&agrave;ng ng&agrave;y c&agrave;ng tốt đẹp hơn&quot;, b&agrave; Thanh Thanh chia sẻ.</p>\r\n\r\n<p style=\"text-align:center\"><img alt=\"\" src=\"https://static.mservice.io/blogscontents/momo-upload-api-230206110435-638112782753008839.jpg\" style=\"width:100%\" /> <em>C&ocirc;ng tr&igrave;nh vệ sinh x&acirc;y mới ở huyện V&acirc;n Hồ nhằm tạo m&ocirc;i trường an to&agrave;n, đảm bảo hơn cho học sinh khi đến trường.</em></p>\r\n\r\n<p>Ri&ecirc;ng trong năm học 2022 - 2023, Quỹ Hy Vọng đặt mục ti&ecirc;u x&acirc;y dựng 30 nh&agrave; vệ sinh mới cho c&aacute;c em học sinh huyện Mường Nh&eacute;, Điện Bi&ecirc;n, nhằm x&oacute;a bỏ nỗi &aacute;m ảnh của học sinh khi đi vệ sinh tại trường học. Quỹ Hy Vọng dự kiến tổng kinh ph&iacute; dự &aacute;n khoảng 3.7 tỷ đồng.</p>\r\n\r\n<p>Sau th&agrave;nh c&ocirc;ng của đợt g&acirc;y quỹ lần thứ nhất, lần thứ 2 ch&uacute;ng t&ocirc;i dự kiến tiếp tục x&acirc;y 15 nh&agrave; vệ sinh với kinh ph&iacute; dự &aacute;n khoảng 1.85 tỷ đồng. Để l&agrave;m được điều n&agrave;y, Quỹ Hy Vọng mong muốn nhận được sự chung tay của cộng đồng Tr&aacute;i Tim MoMo với số tiền g&acirc;y quỹ l&agrave; 150.000.000 đồng. Ngo&agrave;i ra c&ograve;n c&oacute; 600.000.000 đồng được quy đổi từ số Heo V&agrave;ng sẽ được quy&ecirc;n g&oacute;p qua Heo Đất MoMo.</p>\r\n\r\n<p>Ch&uacute;ng t&ocirc;i hy vọng đợt g&acirc;y quỹ lần 2 sẽ tiếp tục th&agrave;nh c&ocirc;ng để gi&uacute;p cho học sinh tại c&aacute;c điểm trường c&oacute; được nh&agrave; vệ sinh mới, để c&aacute;c em an t&acirc;m học tập.</p>\r\n\r\n<p>Trước đ&oacute;, Quỹ Hy Vọng cũng ho&agrave;n thiện 20 nh&agrave; vệ sinh tại huyện V&acirc;n Hồ, Sơn La, mang đến điều kiện học tập tốt hơn cho 4.000 học sinh v&agrave; gi&aacute;o vi&ecirc;n tại đ&acirc;y.</p>\r\n\r\n<p><u><strong>Về Quỹ Hy Vọng:</strong></u><br />\r\nHope Foundation l&agrave; quỹ x&atilde; hội - từ thiện hoạt động v&igrave; cộng đồng, kh&ocirc;ng v&igrave; lợi nhuận, do VnExpress v&agrave; C&ocirc;ng ty Cổ phần FPT vận h&agrave;nh. Quỹ Hy vọng theo đuổi hai mục ti&ecirc;u: hỗ trợ c&aacute;c ho&agrave;n cảnh kh&oacute; khăn v&agrave; tạo động lực ph&aacute;t triển. Quỹ Hy Vọng cho rằng để tạo ra một x&atilde; hội ph&aacute;t triển th&igrave; trước hết cần c&oacute; nhiều sự kết nối để chia sẻ với những ho&agrave;n cảnh kh&oacute; khăn. V&agrave; th&uacute;c đẩy c&aacute;c dự &aacute;n ph&aacute;t triển trong đ&oacute; mọi người được khuyến kh&iacute;ch giải ph&oacute;ng tiềm năng của họ v&agrave; trang bị cho m&igrave;nh c&aacute;c c&ocirc;ng cụ, cũng sẽ x&oacute;a đ&oacute;i giảm ngh&egrave;o v&agrave; tạo ra sự b&igrave;nh đẳng.</p>\r\n','https://static.mservice.io/blogscontents/momo-upload-api-230206111121-638112786815454308.jpg','2023-02-19','2023-03-29',6,2,'Finish',100000000),(9,'Trao tặng 10 ca phẫu thuật thay đổi cuộc đời cho các em bé hở môi, hàm ếch','Chung tay gây quỹ 10 ca phẫu thuật cho các em bé hở môi, hàm ếch. Trong suốt nhiều năm mang đến nụ cười trẻ thơ, Operation Smile đã gặp và điều trị cho rất nhiều em bé sinh ra không may mắc nhiều loại dị tật khác nhau trên gương mặt. Mỗi hoàn cảnh là thêm một động lực cho cả Operation Smile, đội ngũ y tế và các đối tác của chúng tôi dặn lòng mình phải tiếp tục cố gắng.','<p><strong>Nh&igrave;n lại 2022 triệu y&ecirc;u thương đong đầy</strong></p>\r\n\r\n<p>Trong năm 2022, cộng đồng Heo Đất MoMo đ&atilde; chung tay c&ugrave;ng Operation Smile gi&uacute;p cho 565 em b&eacute; ở khắp Việt Nam của nhận được nụ cười mới. Đ&acirc;y l&agrave; một kết quả v&ocirc; c&ugrave;ng phấn khởi cho người nh&agrave;, gia đ&igrave;nh c&aacute;c em. Đặc biệt l&agrave; những tr&aacute;i tim nh&acirc;n &aacute;i đ&atilde; chung tay l&agrave;m n&ecirc;n những điều k&igrave; diệu, thay đổi cuộc đời c&aacute;c em qua những ca phẫu thuật điều trị hở m&ocirc;i, h&agrave;m ếch miễn ph&iacute;, an to&agrave;n.</p>\r\n\r\n<p><img alt=\"\" src=\"https://static.mservice.io/blogscontents/momo-upload-api-230201154155-638108629156922393.jpg\" style=\"width:100%\" /></p>\r\n\r\n<p style=\"text-align:center\"><em>Những ca phẫu thuật miễn ph&iacute; đ&atilde; l&agrave;m thay đổi cuộc đời nhiều em nhỏ</em></p>\r\n\r\n<p>Cụ thể, trong năm 2022, ch&uacute;ng ta c&oacute; tổng cộng 22 chương tr&igrave;nh, cộng đồng Heo Đất MoMo đ&oacute;ng g&oacute;p được gần 27 triệu Heo V&agrave;ng. Ngo&agrave;i ra, cộng đồng đ&atilde; kết nối c&ugrave;ng với 9 đối t&aacute;c doanh nghiệp để thực hiện ho&aacute; giấc mơ nụ cười cho c&aacute;c em.</p>\r\n\r\n<p><img alt=\"\" src=\"https://static.mservice.io/blogscontents/momo-upload-api-230201154238-638108629588234210.jpg\" style=\"width:100%\" /></p>\r\n\r\n<p><img alt=\"\" src=\"https://static.mservice.io/blogscontents/momo-upload-api-230201154253-638108629731832518.jpg\" style=\"width:100%\" /></p>\r\n\r\n<p style=\"text-align:center\"><em>Khắp đất nước c&ograve;n nhiều ho&agrave;n cảnh cần sự chung tay của cả cộng đồng</em></p>\r\n\r\n<p>Trong suốt nhiều năm mang đến nụ cười trẻ thơ, Operation Smile đ&atilde; gặp v&agrave; điều trị cho rất nhiều em b&eacute; sinh ra kh&ocirc;ng may mắc nhiều loại dị tật kh&aacute;c nhau tr&ecirc;n gương mặt. Mỗi ho&agrave;n cảnh l&agrave; th&ecirc;m một động lực cho cả Operation Smile, đội ngũ y tế v&agrave; c&aacute;c đối t&aacute;c của ch&uacute;ng t&ocirc;i dặn l&ograve;ng m&igrave;nh phải tiếp tục cố gắng. V&igrave; tr&ecirc;n khắp đất nước ch&uacute;ng ta, c&ograve;n biết bao cảnh ngộ đến đau l&ograve;ng, m&agrave; gia đ&igrave;nh qu&aacute; kh&oacute; khăn để c&oacute; thể trang trải cho c&aacute;c em nhận được điều trị y tế kịp thời. May mắn thay, tr&ecirc;n h&agrave;nh tr&igrave;nh đ&oacute;, ch&uacute;ng t&ocirc;i được sự g&oacute;p sức của cộng đồng người d&ugrave;ng V&iacute; MoMo v&agrave; Heo Đất MoMo để đồng h&agrave;nh c&ugrave;ng c&aacute;c đối t&aacute;c, doanh nghiệp.</p>\r\n\r\n<p><img alt=\"\" src=\"https://static.mservice.io/blogscontents/momo-upload-api-230201154319-638108629990230760.jpg\" style=\"width:100%\" /></p>\r\n\r\n<p style=\"text-align:center\"><em>Mỗi sự đ&oacute;ng g&oacute;p của cộng đồng đều gi&uacute;p c&aacute;c em nhỏ đến gần hơn với những điều tốt đẹp</em></p>\r\n\r\n<p>Trong chương tr&igrave;nh g&acirc;y quỹ lần n&agrave;y, ch&uacute;ng ta h&atilde;y c&ugrave;ng mang đến nụ cười đ&oacute;n Tết, đ&oacute;n năm mới cho 10 em b&eacute; hở m&ocirc;i, h&agrave;m ếch với tổng chi ph&iacute; dự kiến của dự &aacute;n l&agrave; 100.000.000 đồng. Ch&uacute;ng t&ocirc;i v&agrave; c&aacute;c em nhỏ hở m&ocirc;i, h&agrave;m ếch v&ocirc; c&ugrave;ng biết ơn mỗi đ&oacute;ng g&oacute;p d&ugrave; nhỏ d&ugrave; lớn của c&aacute;c nh&agrave; hảo t&acirc;m, c&aacute;c mạnh thường qu&acirc;n. Từ nguồn t&agrave;i trợ n&agrave;y, c&aacute;c bệnh viện, b&aacute;c sĩ, t&igrave;nh nguyện vi&ecirc;n sẽ c&oacute; thể c&ugrave;ng nhau biến đ&oacute;ng g&oacute;p đ&oacute; trở th&agrave;nh những nụ cười l&agrave;nh lặn. N&oacute; sẽ tiếp th&ecirc;m sự tự tin để c&aacute;c em vững bước hơn trong con đường bước đến tương lai.</p>\r\n\r\n<p><em>*Sau khi chiến dịch được ho&agrave;n th&agrave;nh, V&iacute; MoMo sẽ tiến h&agrave;nh trao 100.000.000 đồng đến Operation Smile để tiến h&agrave;nh thăm kh&aacute;m v&agrave; thực hiện phẫu thuật cho c&aacute;c em nhỏ. Mọi th&ocirc;ng tin về chương tr&igrave;nh sẽ được ch&uacute;ng t&ocirc;i cập nhật tới độc giả trong c&aacute;c b&agrave;i viết tiếp theo.</em></p>\r\n\r\n<p><u><strong>Về Operation Smile Vietnam:</strong></u><br />\r\nOperation Smile (Phẫu thuật Nụ cười) l&agrave; một tổ chức nh&acirc;n đạo phi lợi nhuận hoạt động trong lĩnh vực chăm s&oacute;c sức khỏe cộng đồng, tập trung v&agrave;o việc thực hiện phẫu thuật miễn ph&iacute; cho c&aacute;c trẻ em sinh ra bị dị tật hở m&ocirc;i, h&agrave;m ếch v&agrave; dị tật h&agrave;m mặt tại c&aacute;c nước đang ph&aacute;t triển. Trong hơn 33 năm hoạt động, tổ chức đ&atilde; c&ugrave;ng với c&aacute;c t&igrave;nh nguyện vi&ecirc;n y tế v&agrave; phi y tế mang lại dịch vụ kh&aacute;m v&agrave; điều trị miễn ph&iacute; cho hơn 64,000 trường hợp, đem lại nụ cười v&agrave; tương lai tươi s&aacute;ng hơn cho trẻ em Việt Nam.</p>\r\n','https://static.mservice.io/blogscontents/momo-upload-api-230201154115-638108628754902718.jpg','2023-02-19','2023-04-09',1,11,'Active',100000000),(10,'Tặng 30 suất học bổng và truyền thông kỹ năng phòng chống xâm hại, bạo lực trẻ em cho học sinh có hoàn cảnh đặc biệt tại huyện Cần Giờ, TP.HCM','Ảnh hưởng dịch Covid – 19 khiến thu nhập của người dân không ổn định, kinh tế gia đình khó khăn cho nên ảnh hưởng đến việc chăm lo ăn uống và học hành của con cái. Hơn lúc nào hết, trẻ em rất cần nhận được sự quan tâm, tiếp sức từ cộng đồng để có thêm cơ hội, nghị lực và hành trang cho tương lai phía trước.','<p>Đại dịch Covid &ndash; 19 đ&atilde; c&agrave;n qu&eacute;t 4 đợt li&ecirc;n tục tại nhiều tỉnh th&agrave;nh trong cả nước. Trong đ&oacute; TP.HCM bị ảnh hưởng nặng nề với 618.347 ca t&iacute;nh tới ng&agrave;y 10/01/2023. Huyện Cần Giờ l&agrave; một trong những huyện cũng chịu ảnh hưởng với hơn 22.473 ca nhiễm, đặc biệt c&oacute; rất nhiều đối tượng l&agrave; trẻ em.</p>\r\n\r\n<p><strong>Những ho&agrave;n cảnh kh&oacute; khăn bị ảnh hưởng bởi dịch Covid - 19</strong></p>\r\n\r\n<p>Người d&acirc;n huyện Cần Giờ chủ yếu l&agrave; sống bằng nghề đi biển, l&agrave;m lưới, l&agrave;m muối v&agrave; lao động tự do. Ảnh hưởng của dịch Covid &ndash; 19 khiến thu nhập của người d&acirc;n nơi đ&acirc;y v&ocirc; c&ugrave;ng bấp b&ecirc;nh. Cũng ch&iacute;nh v&igrave; kinh tế gia đ&igrave;nh kh&oacute; khăn cho n&ecirc;n ảnh hưởng đến việc chăm lo ăn uống, sinh hoạt v&agrave; học tập của nhiều trẻ em đang trong độ tuổi đến trường. Hơn l&uacute;c n&agrave;o hết, trẻ em rất cần nhận được sự quan t&acirc;m, tiếp sức từ cộng đồng để c&oacute; th&ecirc;m cơ hội v&agrave; nghị lực bước tiếp những chặng đường tri thức. Đặc biệt hơn l&agrave; để chuẩn bị h&agrave;nh trang cho tương lai ph&iacute;a trước.</p>\r\n\r\n<p><img alt=\"\" src=\"https://static.mservice.io/blogscontents/momo-upload-api-230130112612-638106747729077913.jpg\" style=\"width:100%\" /></p>\r\n\r\n<p><img alt=\"\" src=\"https://static.mservice.io/blogscontents/momo-upload-api-230130112623-638106747837941352.jpg\" style=\"width:100%\" /></p>\r\n\r\n<p>&nbsp;</p>\r\n\r\n<p style=\"text-align:center\"><em>Kinh tế gia đ&igrave;nh kh&oacute; khăn n&ecirc;n nhiều học sinh ngh&egrave;o gặp trở ngại trong h&agrave;nh tr&igrave;nh tiếp cận tri thức</em></p>\r\n\r\n<p>&nbsp;</p>\r\n\r\n<p>Gia đ&igrave;nh em L&ecirc; Long Nhựt, hiện đang l&agrave; học sinh lớp 10, c&oacute; ho&agrave;n cảnh rất kh&oacute; khăn. Mẹ em l&agrave;m nội trợ, ba l&agrave;m nghề biển. Khi t&igrave;nh h&igrave;nh dịch bệnh trở n&ecirc;n căng thẳng, ba em kh&ocirc;ng đi l&agrave;m lưới được, thu nhập c&agrave;ng kh&ocirc;ng ổn định. V&igrave; vậy kinh tế gia đ&igrave;nh đ&atilde; kh&oacute; khăn lại chồng th&ecirc;m kh&oacute; khăn. Thế nhưng ba mẹ vẫn cố gắng l&agrave;m th&ecirc;m để c&oacute; th&ecirc;m chi ph&iacute; cho Nhựt đến lớp như những bạn b&egrave; đồng trang lứa.</p>\r\n\r\n<p>Gia đ&igrave;nh em L&ecirc; Thị Ngọc Điệp, hiện đang l&agrave; học sinh lớp 9, cũng bị ảnh hưởng bởi dịch Covid &ndash; 19. Ba em kh&ocirc;ng c&ograve;n việc l&agrave;m n&ecirc;n chỉ l&agrave;m lao động tự do, ai thu&ecirc; g&igrave; l&agrave;m đ&oacute;, thu nhập mỗi ng&agrave;y cũng chỉ được bữa đ&oacute;i bữa no. D&ugrave; vậy, em Điệp vẫn v&ocirc; c&ugrave;ng chăm lo cho việc học v&agrave; tự gi&aacute;c phụ gi&uacute;p ba mẹ việc nh&agrave; để đỡ đần nỗi vất vả.</p>\r\n\r\n<p><img alt=\"\" src=\"https://static.mservice.io/blogscontents/momo-upload-api-230130112649-638106748098878580.jpg\" style=\"width:100%\" /></p>\r\n\r\n<p><img alt=\"\" src=\"https://static.mservice.io/blogscontents/momo-upload-api-230130112700-638106748209597091.jpg\" style=\"width:100%\" /></p>\r\n\r\n<p>&nbsp;</p>\r\n\r\n<p style=\"text-align:center\"><em>C&ugrave;ng nhau tiếp th&ecirc;m sức mạnh để c&aacute;c em vững bước tr&ecirc;n con đường đến trường</em></p>\r\n\r\n<p>&nbsp;</p>\r\n\r\n<p><strong>Chung tay trao học bổng cho 30 em học sinh ngh&egrave;o</strong></p>\r\n\r\n<p>Với tinh thần l&aacute; l&agrave;nh đ&ugrave;m l&aacute; r&aacute;ch, tương th&acirc;n tương &aacute;i của người Việt Nam, Trung t&acirc;m Gi&aacute;o dục Sức khỏe v&agrave; Ph&aacute;t triển Cộng đồng Tương Lai &ndash; TP.HCM phối hợp c&ugrave;ng V&iacute; MoMo g&acirc;y quỹ v&agrave; k&ecirc;u gọi ủng hộ 30.000.000 đồng cho chương tr&igrave;nh trao học bổng v&agrave; truyền th&ocirc;ng kỹ năng ph&ograve;ng chống x&acirc;m hại, bạo lực trẻ em c&oacute; ho&agrave;n cảnh đặc biệt. Với truyền thống v&agrave; t&igrave;nh cảm y&ecirc;u thương trẻ em ch&uacute;ng t&ocirc;i hy vọng c&aacute;c nh&agrave; hảo t&acirc;m, c&aacute;c mạnh thường qu&acirc;n sẽ c&ugrave;ng chung tay để dự &aacute;n được tiến h&agrave;nh. To&agrave;n bộ số tiền ủng hộ sẽ được sử dụng để trao học bổng cho 30 học sinh c&oacute; ho&agrave;n cảnh đặc biệt v&agrave; tổ chức truyền th&ocirc;ng kỹ năng ph&ograve;ng chống x&acirc;m hại, bạo lực trẻ em cho học sinh c&oacute; ho&agrave;n cảnh đặc biệt tại huyện Cần Giờ, TP.HCM.</p>\r\n\r\n<p><img alt=\"\" src=\"https://static.mservice.io/blogscontents/momo-upload-api-230130112729-638106748497292406.jpg\" style=\"width:100%\" /></p>\r\n\r\n<p><img alt=\"\" src=\"https://static.mservice.io/blogscontents/momo-upload-api-230130112740-638106748604707747.jpg\" style=\"width:100%\" /></p>\r\n\r\n<p>&nbsp;</p>\r\n\r\n<p style=\"text-align:center\"><em>C&ugrave;ng Trung t&acirc;m Tương Lai trao học bổng v&agrave; truyền th&ocirc;ng cho c&aacute;c em về ph&ograve;ng chống x&acirc;m hại, bạo lực trẻ em</em></p>\r\n\r\n<p>&nbsp;</p>\r\n\r\n<p><em>*Sau khi chiến dịch được ho&agrave;n th&agrave;nh, V&iacute; MoMo c&ugrave;ng Trung t&acirc;m Tương Lai sẽ tiến h&agrave;nh trao học bổng v&agrave; truyền th&ocirc;ng ngay cho c&aacute;c em tại địa phương. Mọi th&ocirc;ng tin về chương tr&igrave;nh sẽ được ch&uacute;ng t&ocirc;i cập nhật tới độc giả trong c&aacute;c b&agrave;i viết tiếp theo.</em></p>\r\n\r\n<p><u><strong>Về Trung t&acirc;m Tương Lai:</strong></u><br />\r\nTrung t&acirc;m Gi&aacute;o dục Sức khỏe v&agrave; Ph&aacute;t triển Cộng đồng Tương Lai (Trung t&acirc;m Tương Lai) th&agrave;nh lập năm 2011 l&agrave; tổ chức x&atilde; hội với sứ mệnh hoạt động v&igrave; trẻ em v&agrave; thanh thiếu ni&ecirc;n c&oacute; ho&agrave;n cảnh đặc biệt. Đến thời điểm hiện tại, đ&atilde; c&oacute; hơn 30.000 trẻ em v&agrave; thanh thiếu ni&ecirc;n c&oacute; ho&agrave;n cảnh đặc tr&ecirc;n khắp 20 tỉnh th&agrave;nh cả nước được hưởng lợi. Trung t&acirc;m Tương lai kh&ocirc;ng chỉ gi&uacute;p đỡ về mặt t&agrave;i ch&iacute;nh m&agrave; c&ograve;n quan t&acirc;m gi&uacute;p đỡ trẻ em v&agrave; thanh thiếu ni&ecirc;n về hướng nghiệp, kỹ năng sống v&agrave; vui chơi giải tr&iacute; l&agrave;nh mạnh.</p>\r\n','https://static.mservice.io/blogscontents/momo-upload-api-230130112523-638106747231538786.jpg','2023-02-19','2023-04-28',5,9,'Active',100000000),(11,'Cùng chung tay giúp đỡ cô giáo cấp 1 từ bỏ nghề bởi di chứng sốt bại liệt','Từng ước mơ và ấp ủ nhiều hoài bão, cô Tâm rời khỏi bục giảng bởi di chứng của sốt bại liệt. Cô Tâm rất cần sự giúp đỡ kinh phí khám chữa bệnh, thuốc men','<p>C&ocirc; Đặng Thị T&acirc;m sinh năm 1950, từng l&agrave; gi&aacute;o vi&ecirc;n dạy cấp 1. Giọng người H&agrave; Nội dịu d&agrave;ng, trầm ấm đ&atilde; từng đọc biết bao b&agrave;i văn, dạy biết bao điều tốt đẹp cho thế hệ học tr&ograve;. C&ocirc; T&acirc;m chẳng ngờ rằng, sẽ c&oacute; ng&agrave;y m&igrave;nh lại l&acirc;m v&agrave;o t&igrave;nh cảnh trớ tr&ecirc;u khi đi kh&aacute;m ở bệnh viện.</p>\r\n\r\n<p>C&ocirc; T&acirc;m từng bị sốt bại liệt khi c&ograve;n nhỏ khiến hai ch&acirc;n c&ocirc; đi lại bất tiện. Sau n&agrave;y, c&ocirc; cũng v&igrave; n&oacute; m&agrave; ngừng sự nghiệp giảng dạy. Nỗi nhớ nghề khiến c&ocirc; T&acirc;m lu&ocirc;n đau đ&aacute;u. Khi c&ocirc; đi bệnh viện kh&aacute;m khối u ở ngực. Ch&acirc;n đi chập chững, ngực đau nh&oacute;i nhưng kh&ocirc;ng đau đớn bằng việc c&ocirc; bị người kh&aacute;c chế giễu khi tập tễnh từng bước xếp h&agrave;ng chờ kh&aacute;m.</p>\r\n\r\n<p><img alt=\"\" src=\"https://static.mservice.io/blogscontents/momo-upload-api-230118135604-638096469648456598.jpg\" style=\"width:100%\" /></p>\r\n\r\n<p style=\"text-align:center\"><em>V&igrave; bại liệt m&agrave; c&ocirc; T&acirc;m phải ngừng sự nghiệp giảng dạy</em></p>\r\n\r\n<p>Rời bục giảng, c&ocirc; l&agrave;m gi&uacute;p việc để mưu sinh. C&ocirc; phải sống c&ocirc; độc trong căn nh&agrave; trọ. Mọi g&aacute;nh nặng đ&egrave; l&ecirc;n đ&ocirc;i vai c&ocirc;. Nhất l&agrave; khi c&ocirc; mắc th&ecirc;m căn bệnh u v&uacute;, phải thăm kh&aacute;m v&agrave; thuốc men thường xuy&ecirc;n. Tiền trọ h&agrave;ng th&aacute;ng, tiền ăn h&agrave;ng ng&agrave;y khiến c&ocirc; kh&ocirc;ng thể n&agrave;o kham nổi.</p>\r\n\r\n<p>Cũng từ đ&oacute;, c&ocirc; T&acirc;m bước v&agrave;o m&aacute;i ấm S&agrave;i G&ograve;n Bao Dung sống những ng&agrave;y th&aacute;ng hạnh ph&uacute;c nhất của đời m&igrave;nh.</p>\r\n\r\n<p><img alt=\"\" src=\"https://static.mservice.io/blogscontents/momo-upload-api-230118135635-638096469954354700.jpg\" style=\"width:100%\" /></p>\r\n\r\n<p><img alt=\"\" src=\"https://static.mservice.io/blogscontents/momo-upload-api-230118135650-638096470106819748.jpg\" style=\"width:100%\" /></p>\r\n\r\n<p>&nbsp;</p>\r\n\r\n<p style=\"text-align:center\"><em>Ở Qu&aacute;n trọ Trăng Khuyết, c&ocirc; c&oacute; th&ecirc;m nhiều người bạn c&ugrave;ng đối thơ </em></p>\r\n\r\n<p>&nbsp;</p>\r\n\r\n<p>C&ocirc; T&acirc;m kh&ocirc;ng nghĩ rằng cuối đời m&igrave;nh c&oacute; thể sống được những ng&agrave;y th&aacute;ng tươi đẹp như vậy. Nơi n&agrave;y, c&ocirc; c&oacute; bạn b&egrave; tri kỷ c&ugrave;ng đối thơ, c&ugrave;ng đố nhau về hằng đẳng thức đ&aacute;ng nhớ. C&ocirc; từ một người tứ cố v&ocirc; th&acirc;n, đ&atilde; c&oacute; th&ecirc;m những anh hai, chị hai, chị ba&hellip; c&ugrave;ng ăn, c&ugrave;ng nghỉ, c&ugrave;ng đi dạo m&aacute;t&hellip; Niềm hạnh ph&uacute;c to lớn ấy đ&atilde; khiến c&ocirc; phải thốt l&ecirc;n x&uacute;c động rằng: &ldquo;T&ocirc;i nguyện ở đ&acirc;y cho tới chết!&rdquo;</p>\r\n\r\n<p><img alt=\"\" src=\"https://static.mservice.io/blogscontents/momo-upload-api-230118135707-638096470273986447.jpg\" style=\"width:100%\" /></p>\r\n\r\n<p style=\"text-align:center\"><em>Căn bệnh vẫn d&agrave;y v&ograve; c&ocirc; qua nhiều năm th&aacute;ng</em></p>\r\n\r\n<p>Tuy nhi&ecirc;n, để l&agrave;m được điều n&agrave;y, Trăng Khuyết rất mong c&oacute; th&ecirc;m kinh ph&iacute; để cho c&ocirc; T&acirc;m c&oacute; thể duy tr&igrave; sức khỏe vượt qua bệnh tật, để vui khỏe c&ugrave;ng những người bạn gi&agrave; nơi đ&acirc;y. Để tiếp th&ecirc;m hy vọng cho c&ocirc; Đặng Thị T&acirc;m, Trăng Khuyết c&ugrave;ng V&iacute; MoMo k&ecirc;u gọi số tiền kh&aacute;m chữa bệnh tim cho c&ocirc; l&agrave; 30.000.000 VNĐ th&ocirc;ng qua cộng đồng c&aacute;c nh&agrave; hảo t&acirc;m, c&aacute;c mạnh thường qu&acirc;n.</p>\r\n\r\n<p>Người hạnh ph&uacute;c nhất ch&iacute;nh l&agrave; người c&oacute; cơ hội được cho đi. Rất mong c&aacute;c mạnh thường qu&acirc;n, c&aacute;c nh&agrave; hảo t&acirc;m sẽ đồng h&agrave;nh c&ugrave;ng chương tr&igrave;nh quy&ecirc;n g&oacute;p lần n&agrave;y của MoMo v&agrave; Trăng Khuyết hỗ trợ cho những số phận đơn chiếc. D&ugrave; đ&oacute;ng g&oacute;p n&agrave;o cũng đều đ&aacute;ng qu&yacute;, c&ugrave;ng l&agrave; t&igrave;nh y&ecirc;u thương đong đầy của của c&ocirc; ch&uacute;, anh chị d&agrave;nh cho c&aacute;c cụ gi&agrave; neo đơn.</p>\r\n\r\n<p><em>*Sau khi ho&agrave;n tất chiến dịch k&ecirc;u gọi đ&oacute;ng g&oacute;p, MoMo sẽ chuyển to&agrave;n bộ số tiền 30.000.000 đồng đ&atilde; g&acirc;y quỹ gửi đến Quỹ Từ Thiện &amp; BTXH Trăng Khuyết hỗ trợ chi ph&iacute; kh&aacute;m chữa bệnh cho c&ocirc; T&acirc;m Ch&uacute;ng t&ocirc;i sẽ cập nhật th&ecirc;m th&ocirc;ng tin về tiến độ dự &aacute;n đến Qu&yacute; vị trong thời gian sớm nhất. </em></p>\r\n\r\n<p><u><strong>Về Quỹ Từ Thiện &amp; BTXH Trăng Khuyết:</strong></u><br />\r\nTrăng Khuyết l&agrave; một tổ chức từ thiện về nh&acirc;n đạo v&agrave; sự sống, nhằm kết nối cộng đồng v&agrave; thực hiện c&aacute;c hoạt động trợ gi&uacute;p trực tiếp cho c&aacute;c cụ gi&agrave; kh&ocirc;ng nơi nương tựa v&agrave; trẻ em bị bỏ rơi. Th&ocirc;ng qua c&aacute;c hoạt động: cứu trợ khẩn cấp, cung cấp bữa ăn, chỗ ở v&agrave; cải thiện cuộc sống. Trăng Khuyết hoạt động độc lập, phi t&ocirc;n gi&aacute;o v&agrave; phi lợi nhuận tr&ecirc;n to&agrave;n l&atilde;nh thổ Việt Nam. Th&ocirc;ng qua ph&aacute;p nh&acirc;n l&agrave; Quỹ Từ Thiện &amp; BTXH Trăng Khuyết, một doanh nghiệp x&atilde; hội, hoạt động 100% v&igrave; cộng đồng.</p>\r\n\r\n<p><em>*MoMo biết rằng c&ograve;n rất nhiều ho&agrave;n cảnh kh&oacute; khăn tr&ecirc;n khắp đất nước của ch&uacute;ng ta cần được bảo trợ. Bạn hay c&aacute;c c&ocirc;ng ty h&atilde;y li&ecirc;n hệ với ch&uacute;ng t&ocirc;i để c&ugrave;ng t&agrave;i trợ, gi&uacute;p đỡ tạo n&ecirc;n một cộng đồng Việt Nam nh&acirc;n &aacute;i nh&eacute;! <span style=\"color:#0066cc\">donation@mservice.com.vn</span></em></p>\r\n','https://static.mservice.io/blogscontents/momo-upload-api-230118135520-638096469203857632.jpg','2023-02-19','2023-05-17',2,10,'Active',100000000),(12,'Chung tay giúp những ngày cuối đời của thầy giáo Lưu Mạc Phong giảm bớt nỗi lo từ bệnh tật','Từng là thầy giáo rèn chữ cho biết bao thế hệ, nhưng thầy Phong lại chẳng thể nắn nót cuộc đời mình trở nên đẹp đẽ hơn. Cùng chung tay hỗ trợ kinh phí khám chữa bệnh cho thầy Phong.','<p><strong>Cuộc sống ngặt ngh&egrave;o của người thầy gi&aacute;o</strong></p>\r\n\r\n<p>Thầy Lưu Mạc Phong, sinh 1962, dọn về qu&aacute;n trọ Trăng Khuyết sau trận bệnh nặng, đột quỵ v&agrave; vi&ecirc;m phổi. Trong l&uacute;c l&agrave;m bảo vệ ở một cửa h&agrave;ng thời trang, thầy Phong đột ngột ngưng thở, ng&atilde; khuỵu trước cửa h&agrave;ng. Thầy được đưa v&agrave;o bệnh viện 115 cấp cứu. Suốt 2 tuần nằm viện, tiền lương, tiền d&agrave;nh dụm bao năm qua của thầy đ&atilde; chi trả cho đợt chữa trị đ&oacute;.</p>\r\n\r\n<p>Sức khỏe kh&ocirc;ng đủ, thầy nghỉ việc bảo vệ, nh&agrave; trọ cũng bị c&ocirc;ng ty lấy lại, kh&ocirc;ng nh&agrave;, kh&ocirc;ng tiền, kh&ocirc;ng kế sinh nhai. Cuộc sống ngặt ngh&egrave;o bủa v&acirc;y. Trước đ&acirc;y, thầy từng lập gia đ&igrave;nh nhưng h&ocirc;n nh&acirc;n đổ vỡ, con trai sống c&ugrave;ng mẹ. Một m&igrave;nh thầy lang bạt khắp nơi.</p>\r\n\r\n<p><img alt=\"\" src=\"https://static.mservice.io/blogscontents/momo-upload-api-230118134916-638096465567788324.jpg\" style=\"width:100%\" /></p>\r\n\r\n<p style=\"text-align:center\"><em>Sức khỏe khiến cho ch&uacute; Phong phải chịu nhiều kh&oacute; khăn trong sinh hoạt</em></p>\r\n\r\n<p>Chẳng ai ngờ rằng người đ&agrave;n &ocirc;ng gầy g&ograve;, xanh xao ấy từng l&agrave; thầy gi&aacute;o cấp 1. Đ&ocirc;i b&agrave;n tay g&acirc;n guốc ấy từng &acirc;n cần dạy biết bao thế hệ học tr&ograve;. N&eacute;t chữ mạnh mẽ, dứt kho&aacute;t như nết người ki&ecirc;n cường, tận tụy của thầy Phong. Trong &aacute;nh mắt của thấy, vẫn c&ograve;n &aacute;nh l&ecirc;n niềm vui v&agrave; niềm tự h&agrave;o khi nhắc về những th&aacute;ng ng&agrave;y đứng tr&ecirc;n bục giảng.</p>\r\n\r\n<p>Đ&aacute;ng tiếc rằng thầy lại kh&ocirc;ng thể nắn n&oacute;t cuộc đời m&igrave;nh tươi đẹp hơn.</p>\r\n\r\n<p><strong>Chung tay hỗ trợ chi ph&iacute; kh&aacute;m chữa bệnh cho thầy Phong</strong></p>\r\n\r\n<p>Sau cơn bạo bệnh, sức khỏe của thầy sa s&uacute;t hẳn, di chứng để lại thầy kh&ocirc;ng thể l&agrave;m việc nặng, đi tới đi lui nhiều cũng kh&oacute; thở bởi kh&ocirc;ng đủ oxy cấp l&ecirc;n phổi. Thầy tiếp tục nhập viện mấy lần nhưng thầy chẳng c&oacute; g&igrave; ngo&agrave;i cơ thể suy nhược.</p>\r\n\r\n<p><img alt=\"\" src=\"https://static.mservice.io/blogscontents/momo-upload-api-230118134935-638096465756898500.jpg\" style=\"width:100%\" /></p>\r\n\r\n<p style=\"text-align:center\"><em>Mặc d&ugrave; đ&atilde; kh&ocirc;ng c&ograve;n đi dạy, nhưng ước mơ gieo con chữ của thầy Phong cho c&aacute;c em nhỏ vẫn c&ograve;n tới h&ocirc;m nay</em></p>\r\n\r\n<p>Trăng Khuyết đ&atilde; t&igrave;m tới thầy trong ho&agrave;n cảnh m&agrave; khi bệnh viện cho xuất viện, cũng kh&ocirc;ng biết đưa thầy đi đ&acirc;u về đ&acirc;u. Ng&agrave;y thầy v&agrave;o Qu&aacute;n trọ Trăng Khuyết tại Quận 12, gương mặt hốc h&aacute;c, thất thần. Nhưng sau những th&aacute;ng ng&agrave;y kh&ocirc;ng c&oacute; chốn đi về, thầy Phong dần h&ograve;a nhập v&agrave; sống vui vẻ b&ecirc;n cạnh những người bạn gi&agrave; của m&igrave;nh. Thầy đọc s&aacute;ch, ng&acirc;m thơ, luyện chữ&hellip; v&agrave; chia sẻ về t&acirc;m huyết l&agrave;m nghề gi&aacute;o của m&igrave;nh &ldquo;Phạt học tr&ograve; đau một, thầy c&ocirc; lại đau tới mười!&rdquo;</p>\r\n\r\n<p>Một người thầy đ&atilde; từng nhiệt huyết với nghề gi&aacute;o, gi&uacute;p bao thế hệ sang s&ocirc;ng, vẫn c&ograve;n ưu tư những khi thăm kh&aacute;m, thuốc men đều đặn bởi di chứng để lại. V&igrave; vậy Quỹ Trăng Khuyết kết hợp c&ugrave;ng V&iacute; MoMo k&ecirc;u gọi c&aacute;c mạnh thường qu&acirc;n chung tay quy&ecirc;n g&oacute;p 30.000.000 đồng để g&oacute;p th&ecirc;m một phần chi ph&iacute; gi&uacute;p cho người thầy vượt qua những ng&agrave;y kh&oacute; khăn ph&iacute;a trước.</p>\r\n\r\n<p><img alt=\"\" src=\"https://static.mservice.io/blogscontents/momo-upload-api-230118135000-638096466001859604.jpg\" style=\"width:100%\" /></p>\r\n\r\n<p style=\"text-align:center\"><em>Chung tay gi&uacute;p thầy Phong c&oacute; th&ecirc;m chi ph&iacute; kh&aacute;m chữa bệnh trong những ng&agrave;y th&aacute;ng c&ograve;n lại</em></p>\r\n\r\n<p>Cuộc sống mu&ocirc;n m&agrave;u mu&ocirc;n vẻ, b&ecirc;n cạnh những người hạnh ph&uacute;c th&igrave; kh&ocirc;ng thiếu những người bi thương. Ch&iacute;nh v&igrave; l&iacute; do đ&oacute; m&agrave; cuộc sống cần phải c&oacute; sự sẻ chia, tương trợ lẫn nhau. Rất mong c&aacute;c mạnh thường qu&acirc;n, c&aacute;c nh&agrave; hảo t&acirc;m sẽ đồng h&agrave;nh c&ugrave;ng chương tr&igrave;nh quy&ecirc;n g&oacute;p lần n&agrave;y của MoMo v&agrave; Trăng Khuyết hỗ trợ cho những số phận đơn chiếc. D&ugrave; đ&oacute;ng g&oacute;p n&agrave;o cũng đều đ&aacute;ng qu&yacute;, c&ugrave;ng l&agrave; t&igrave;nh y&ecirc;u thương đong đầy của của c&ocirc; ch&uacute;, anh chị d&agrave;nh cho c&aacute;c cụ gi&agrave; neo đơn.</p>\r\n\r\n<p><em>*Sau khi ho&agrave;n tất chiến dịch k&ecirc;u gọi đ&oacute;ng g&oacute;p, MoMo sẽ chuyển to&agrave;n bộ số tiền 30.000.000 đồng đ&atilde; g&acirc;y quỹ gửi đến Quỹ Từ Thiện &amp; BTXH Trăng Khuyết hỗ trợ chi ph&iacute; kh&aacute;m chữa bệnh cho thầy Phong. Ch&uacute;ng t&ocirc;i sẽ cập nhật th&ecirc;m th&ocirc;ng tin về tiến độ dự &aacute;n đến Qu&yacute; vị trong thời gian sớm nhất.</em></p>\r\n\r\n<p><u>Về Quỹ Từ Thiện &amp; BTXH Trăng Khuyết:</u><br />\r\nTrăng Khuyết l&agrave; một tổ chức từ thiện về nh&acirc;n đạo v&agrave; sự sống, nhằm kết nối cộng đồng v&agrave; thực hiện c&aacute;c hoạt động trợ gi&uacute;p trực tiếp cho c&aacute;c cụ gi&agrave; kh&ocirc;ng nơi nương tựa v&agrave; trẻ em bị bỏ rơi. Th&ocirc;ng qua c&aacute;c hoạt động: cứu trợ khẩn cấp, cung cấp bữa ăn, chỗ ở v&agrave; cải thiện cuộc sống. Trăng Khuyết hoạt động độc lập, phi t&ocirc;n gi&aacute;o v&agrave; phi lợi nhuận tr&ecirc;n to&agrave;n l&atilde;nh thổ Việt Nam. Th&ocirc;ng qua ph&aacute;p nh&acirc;n l&agrave; Quỹ Từ Thiện &amp; BTXH Trăng Khuyết, một doanh nghiệp x&atilde; hội, hoạt động 100% v&igrave; cộng đồng</p>\r\n\r\n<p><em>*MoMo biết rằng c&ograve;n rất nhiều ho&agrave;n cảnh kh&oacute; khăn tr&ecirc;n khắp đất nước của ch&uacute;ng ta cần được bảo trợ. Bạn hay c&aacute;c c&ocirc;ng ty h&atilde;y li&ecirc;n hệ với ch&uacute;ng t&ocirc;i để c&ugrave;ng t&agrave;i trợ, gi&uacute;p đỡ tạo n&ecirc;n một cộng đồng Việt Nam nh&acirc;n &aacute;i nh&eacute;! <span style=\"color:#0066cc\">donation@mservice.com.vn</span></em></p>\r\n','https://static.mservice.io/blogscontents/momo-upload-api-230118134838-638096465180404701.jpg','2023-02-19','2023-04-15',4,10,'Active',100000000),(13,'Chung tay hỗ trợ chi phí giúp ông Chương hồi phục sức khỏe sau đại dịch covid-19','Cùng chung tay hỗ trợ chi phí chăm sóc sức khỏe cho ông Chương, để những ngày tháng cuối đời ông được sống yên bình tại mái ấm','<p><strong>Mất tất cả sau đại dịch</strong></p>\r\n\r\n<p>Sau 1 năm, khi tất cả mọi người đ&atilde; dần chấp nhận sống chung với đại dịch Covid - 19. D&ugrave; vậy nỗi đau m&agrave; những người c&ograve;n ở lại th&igrave; vẫn chưa thể ngu&ocirc;i ngoai. &Ocirc;ng L&ecirc; H&ugrave;ng Chương sinh 1942 l&agrave; một trong những ho&agrave;n cảnh đ&aacute;ng thương đ&atilde; mất tất cả sau đại dịch.</p>\r\n\r\n<p><img alt=\"\" src=\"https://static.mservice.io/blogscontents/momo-upload-api-230118133951-638096459911219755.jpg\" style=\"width:100%\" /></p>\r\n\r\n<p style=\"text-align:center\"><em>Nỗi đau mất m&aacute;t của &ocirc;ng Chương vẫn chưa thể ngu&ocirc;i ngoai</em></p>\r\n\r\n<p>Chỉ trong thời gian ngắn ngủi, &ocirc;ng mất đi vợ con của m&igrave;nh. Tuy &ocirc;ng may mắn hơn, nhưng sức khỏe c&ugrave;ng kiệt khiến &ocirc;ng kh&ocirc;ng thể n&agrave;o tiếp tục c&ocirc;ng việc bảo vệ tại cửa h&agrave;ng. Kh&ocirc;ng c&ograve;n người th&acirc;n, &ocirc;ng sống c&ocirc; độc tại ph&ograve;ng trọ. Khốn khổ khi tuổi gi&agrave;, thất nghiệp, &ocirc;ng Chương kh&ocirc;ng tiền đ&oacute;ng trọ, kh&ocirc;ng biết xoay sở thế n&agrave;o để c&oacute; được bữa ăn qua ng&agrave;y. Gương mặt hiền hậu ấy c&agrave;ng hằn s&acirc;u những nỗi lo toan, vất vả cho những ng&agrave;y th&aacute;ng sau n&agrave;y.</p>\r\n\r\n<p><strong>Những nỗi lo &acirc;m thầm</strong></p>\r\n\r\n<p>Sau khi được về sống ở m&aacute;i ấm S&agrave;i G&ograve;n Bao Dung, &ocirc;ng Chương vẫn cố gắng d&ugrave;ng c&ocirc;ng sức của m&igrave;nh để đ&oacute;ng g&oacute;p cho những hoạt động ở m&aacute;i ấm.</p>\r\n\r\n<p><img alt=\"\" src=\"https://static.mservice.io/blogscontents/momo-upload-api-230118134023-638096460232986013.jpg\" style=\"width:100%\" /></p>\r\n\r\n<p style=\"text-align:center\"><em>Những bữa ăn được san sẻ c&ugrave;ng nhau của &ocirc;ng Chương v&agrave; ch&uacute; Mỹ</em></p>\r\n\r\n<p>Thương th&acirc;n m&igrave;nh n&ecirc;n nghĩ thương đến những người bạn gi&agrave;. D&ugrave; người gầy g&ograve;, ốm yếu nhưng &ocirc;ng vẫn hăng h&aacute;i gi&uacute;p đỡ quản l&yacute; kh&ocirc;ng gian trong ngo&agrave;i m&aacute;i ấm, hỗ trợ những cụ gi&agrave; c&oacute; sức khỏe yếu hơn &ocirc;ng để đưa đi kh&aacute;m,...</p>\r\n\r\n<p><img alt=\"\" src=\"https://static.mservice.io/blogscontents/momo-upload-api-230118134047-638096460470061661.jpg\" style=\"width:100%\" /></p>\r\n\r\n<p style=\"text-align:center\"><em>&Ocirc;ng Chương hướng dẫn cho người nước ngo&agrave;i t&aacute; t&uacute;c khi gặp nạn</em></p>\r\n\r\n<p>Thế nhưng, trong cơ thể nhỏ b&eacute; đầy nghị lực ấy, l&agrave; một l&aacute; phổi đ&atilde; hư tổn, v&agrave; một tr&aacute;i tim đang chống chọi với bệnh tật. Trăng Khuyết rất đồng cảm trước những mất m&aacute;t của &ocirc;ng, c&agrave;ng lo lắng cho sức khỏe của &ocirc;ng Chương ở thời điểm hiện tại. Trăng Khuyết mong rằng sẽ c&oacute; th&ecirc;m kinh ph&iacute; để c&oacute; thể hỗ trợ &ocirc;ng Chương kh&aacute;m chữa bệnh v&agrave; n&acirc;ng cao sức khỏe, để &ocirc;ng c&oacute; thể gi&uacute;p đỡ những người bạn gi&agrave; k&eacute;m may mắn hơn m&igrave;nh. Để tiếp th&ecirc;m hy vọng cho &ocirc;ng, Trăng khuyết k&ecirc;u gọi số tiền kh&aacute;m chữa bệnh tim l&agrave; 30.000.000VNĐ th&ocirc;ng qua Tr&aacute;i Tim MoMo. Rất mong c&aacute;c mạnh thường qu&acirc;n, c&aacute;c nh&agrave; hảo t&acirc;m sẽ đồng h&agrave;nh c&ugrave;ng chương tr&igrave;nh quy&ecirc;n g&oacute;p lần n&agrave;y của MoMo v&agrave; Trăng Khuyết hỗ trợ cho những số phận đơn chiếc. D&ugrave; đ&oacute;ng g&oacute;p n&agrave;o cũng đều đ&aacute;ng qu&yacute;, c&ugrave;ng l&agrave; t&igrave;nh y&ecirc;u thương đong đầy của của c&ocirc; ch&uacute;, anh chị d&agrave;nh cho c&aacute;c cụ gi&agrave; neo đơn.</p>\r\n\r\n<p>Cuộc sống mu&ocirc;n m&agrave;u mu&ocirc;n vẻ, b&ecirc;n cạnh những người hạnh ph&uacute;c th&igrave; kh&ocirc;ng thiếu những người bi thương. Ch&iacute;nh v&igrave; l&yacute; do đ&oacute; m&agrave; cuộc sống cần phải c&oacute; sự sẻ chia, tương trợ lẫn nhau.</p>\r\n\r\n<p><em>*Sau khi ho&agrave;n tất chiến dịch k&ecirc;u gọi đ&oacute;ng g&oacute;p, MoMo sẽ chuyển to&agrave;n bộ số tiền 30.000.000 đồng đ&atilde; g&acirc;y quỹ gửi đến Quỹ Từ Thiện &amp; BTXH Trăng Khuyết hỗ trợ chi ph&iacute; kh&aacute;m chữa bệnh cho &ocirc;ng Chương. Ch&uacute;ng t&ocirc;i sẽ cập nhật th&ecirc;m th&ocirc;ng tin về tiến độ dự &aacute;n đến Qu&yacute; vị trong thời gian sớm nhất. </em></p>\r\n\r\n<p><u><strong>Về Quỹ Từ Thiện &amp; BTXH Trăng Khuyết:</strong></u><br />\r\nTrăng Khuyết l&agrave; một tổ chức từ thiện về nh&acirc;n đạo v&agrave; sự sống, nhằm kết nối cộng đồng v&agrave; thực hiện c&aacute;c hoạt động trợ gi&uacute;p trực tiếp cho c&aacute;c cụ gi&agrave; kh&ocirc;ng nơi nương tựa v&agrave; trẻ em bị bỏ rơi. Th&ocirc;ng qua c&aacute;c hoạt động: cứu trợ khẩn cấp, cung cấp bữa ăn, chỗ ở v&agrave; cải thiện cuộc sống. Trăng Khuyết hoạt động độc lập, phi t&ocirc;n gi&aacute;o v&agrave; phi lợi nhuận tr&ecirc;n to&agrave;n l&atilde;nh thổ Việt Nam. Th&ocirc;ng qua ph&aacute;p nh&acirc;n l&agrave; Quỹ Từ Thiện &amp; BTXH Trăng Khuyết, một doanh nghiệp x&atilde; hội, hoạt động 100% v&igrave; cộng đồng</p>\r\n\r\n<p><em>*MoMo biết rằng c&ograve;n rất nhiều ho&agrave;n cảnh kh&oacute; khăn tr&ecirc;n khắp đất nước của ch&uacute;ng ta cần được bảo trợ. Bạn hay c&aacute;c c&ocirc;ng ty h&atilde;y li&ecirc;n hệ với ch&uacute;ng t&ocirc;i để c&ugrave;ng t&agrave;i trợ, gi&uacute;p đỡ tạo n&ecirc;n một cộng đồng Việt Nam nh&acirc;n &aacute;i nh&eacute;! <span style=\"color:#0066cc\">donation@mservice.com.vn</span></em></p>\r\n','https://static.mservice.io/blogscontents/momo-upload-api-230118133853-638096459331757773.jpg','2023-02-19','2023-04-21',4,10,'Active',100000000),(14,'Gây quỹ trao 50 phần quà Tết cho trẻ em và gia đình có hoàn cảnh khó khăn tại Tp.HCM','Cùng MSD United Way Vietnam chung tay gây quỹ trao tặng 50 phần quà Tết cho trẻ em và gia đình có hoàn cảnh khó khăn thuộc Trang mới cuộc đời – khu vực Tp.HCM','<p>Tết l&agrave; khoảng thời gian để gia đ&igrave;nh sum vầy, l&agrave; thời gian gợi l&ecirc;n sự sung t&uacute;c, đầm ấm, y&ecirc;n vui. Tuy nhi&ecirc;n, mặc d&ugrave; kh&ocirc;ng kh&iacute; Tết đang tr&agrave;n về khắp c&aacute;c nẻo đường nhưng v&igrave; ho&agrave;n cảnh kh&oacute; khăn, c&oacute; những đứa trẻ chưa bao giờ được đ&oacute;n một m&ugrave;a Tết trọn vẹn v&agrave; đầy đủ như bao bạn b&egrave; c&ugrave;ng trang lứa. Với c&aacute;c em, việc c&oacute; một c&aacute;i Tết đủ đầy như bao người kh&aacute;c l&agrave; một điều g&igrave; đ&oacute; rất xa vời.</p>\r\n\r\n<p>Những bạn nhỏ m&agrave; MSD United Way Vietnam biết đến v&agrave; đang hỗ trợ hầu hết l&agrave; những bạn c&oacute; ho&agrave;n cảnh gia đ&igrave;nh rất kh&oacute; khăn. Trong đ&oacute; c&oacute; kh&ocirc;ng &iacute;t bạn c&ograve;n kh&ocirc;ng c&oacute; được một tấm giấy khai sinh cho m&igrave;nh. Việc kh&ocirc;ng c&oacute; giấy khai sinh khiến cuộc sống vốn đ&atilde; kh&oacute; khăn c&agrave;ng trở n&ecirc;n vất vả hơn: kh&ocirc;ng thể đến trường học, kh&ocirc;ng được tham gia bảo hiểm y tế v&agrave; được hưởng những quyền lợi cơ bản.</p>\r\n\r\n<p><img alt=\"\" src=\"https://static.mservice.io/blogscontents/momo-upload-api-230112141419-638091296598895503.jpg\" style=\"width:100%\" /></p>\r\n\r\n<p style=\"text-align:center\"><em>Kh&ocirc;ng kh&iacute; Tết đang về tr&ecirc;n khắp nẻo đường nhưng nhiều ho&agrave;n cảnh kh&oacute; khăn chưa bao giờ đ&oacute;n một m&ugrave;a Tết trọn vẹn</em></p>\r\n\r\n<p>Gia đ&igrave;nh bốn chị em nh&agrave; họ Thạch m&agrave; MSD United Way Vietnam gh&eacute; thăm v&agrave;o th&aacute;ng 7.2022 vừa qua tại huyện B&igrave;nh Ch&aacute;nh, Tp.HCM l&agrave; một trường hợp rất đặc biệt. 20 em nhỏ trong đại gia đ&igrave;nh n&agrave;y đều kh&ocirc;ng c&oacute; giấy khai sinh. Trong khu&ocirc;n khổ dự &aacute;n Trang Mới Cuộc Đời, MSD United Way Vietnam đ&atilde; hỗ trợ l&agrave;m giấy khai sinh cho 10 trẻ. Nhưng vẫn c&ograve;n 10 trẻ nữa vẫn chưa ho&agrave;n thiện thủ tục để c&oacute; được một tấm giấy khai sinh cho c&aacute;c em. Tuy vậy, c&aacute;c em vẫn rất mong muốn được đến trường v&agrave; cũng mong cho c&aacute;c anh chị em kh&aacute;c trong gia đ&igrave;nh ai cũng được đến trường đi học giống m&igrave;nh. Gia đ&igrave;nh v&agrave; ho&agrave;n cảnh kh&oacute; khăn, c&aacute;i Tết đủ đầy với c&aacute;c em v&agrave; gia đ&igrave;nh cũng giống như một mơ ước.</p>\r\n\r\n<p><img alt=\"\" src=\"https://static.mservice.io/blogscontents/momo-upload-api-230112141451-638091296915417474.jpg\" style=\"width:100%\" /></p>\r\n\r\n<p><img alt=\"\" src=\"https://static.mservice.io/blogscontents/momo-upload-api-230112141502-638091297028833486.jpg\" style=\"width:100%\" /></p>\r\n\r\n<p style=\"text-align:center\"><em>Nhiều em nhỏ kh&oacute; khăn vẫn lu&ocirc;n mong muốn được tiếp tục đến trường như bao bạn b&egrave; trang lứa</em></p>\r\n\r\n<p>V&igrave; vậy, trước thềm năm mới Qu&yacute; M&atilde;o 2023, MSD United Way Vietnam phối hợp với Tr&aacute;i im MoMo ph&aacute;t động dự &aacute;n Trao qu&agrave; Tết 2023 với mong muốn mang đến niềm vui ấm &aacute;p nho nhỏ ng&agrave;y Tết cũng như nỗ lực để v&igrave; một Việt Nam kh&ocirc;ng ai bị bỏ lại ph&iacute;a sau.</p>\r\n\r\n<p><img alt=\"\" src=\"https://static.mservice.io/blogscontents/momo-upload-api-230112141535-638091297353870426.jpg\" style=\"width:100%\" /></p>\r\n\r\n<p><img alt=\"\" src=\"https://static.mservice.io/blogscontents/momo-upload-api-230112141545-638091297456426979.jpg\" style=\"width:100%\" /></p>\r\n\r\n<p style=\"text-align:center\"><em>Chung tay c&ugrave;ng MSD mang đến Tết ấm &aacute;p hơn cho c&aacute;c em nhỏ ngh&egrave;o kh&oacute; khăn </em></p>\r\n\r\n<p>Để hiện thực h&oacute;a dự &aacute;n n&agrave;y, ch&uacute;ng t&ocirc;i k&ecirc;u gọi những tấm l&ograve;ng nh&acirc;n &aacute;i tham gia hỗ trợ v&agrave; đ&oacute;ng g&oacute;p 50.000.000 VND &ndash; tương đương 50 phần qu&agrave; cho 50 trẻ em v&agrave; gia đ&igrave;nh c&oacute; ho&agrave;n cảnh kh&oacute; khăn tại TP.HCM. Phần qu&agrave; bao gồm: qu&agrave; Tết cho trẻ em, c&ugrave;ng thực phẩm (gạo, trứng, sữa, dầu ăn, b&aacute;nh kẹo&hellip;) v&agrave; đồ d&ugrave;ng thiết yếu. Những phần qu&agrave; n&agrave;y sẽ l&agrave; lời ch&uacute;c mừng năm mới m&agrave; cộng đồng gửi đến c&aacute;c em, nhằm mang đến cho c&aacute;c em hy vọng tốt đẹp về một năm mới tươi s&aacute;ng, hạnh ph&uacute;c hơn v&agrave; phần n&agrave;o san sẻ g&aacute;nh nặng với gia đ&igrave;nh c&aacute;c em.</p>\r\n\r\n<p><u><strong>Về Viện Nghi&ecirc;n cứu Quản l&yacute; Ph&aacute;t triển bền vững (MSD) &ndash; United Way Việt Nam:</strong></u><br />\r\nL&agrave; một tổ chức phi ch&iacute;nh phủ Việt Nam, MSD &ndash; United Way Việt Nam nỗ lực h&agrave;nh động v&igrave; một m&ocirc;i trường ph&aacute;t triển thuận lợi cho sự ph&aacute;t triển của kh&ocirc;́i c&aacute;c tổ chức xã hội v&agrave; thúc đ&acirc;̉y việc thực hiện quyền của c&aacute;c nh&oacute;m cộng đồng bị lề ho&aacute; v&agrave; dễ bị tổn thương, đặc biệt l&agrave; nh&oacute;m trẻ em, thanh ni&ecirc;n, phụ nữ v&agrave; người khuyết tật. Hiện nay, MSD &ndash; United Way Việt Nam được c&ocirc;ng nhận l&agrave; một tổ chức h&agrave;ng đầu trong việc phối hợp, hỗ trợ v&agrave; cung cấp c&aacute;c dịch vụ n&acirc;ng cao năng lực, đ&agrave;o tạo v&agrave; tham vấn cho c&aacute;c tổ chức x&atilde; hội tại Việt Nam. Th&ecirc;m v&agrave;o đ&oacute;, MSD &ndash; United Way Việt Nam cũng l&agrave; một tổ chức chuy&ecirc;n nghiệp đ&aacute;p ứng hiệu quả nhu cầu v&agrave; bảo vệ quyền lợi của c&aacute;c đối tượng c&oacute; ho&agrave;n cảnh kh&oacute; khăn, th&ocirc;ng qua tổ chức c&aacute;c dự &aacute;n v&agrave; hỗ trợ trẻ em, thanh thiếu ni&ecirc;n, phụ nữ, người v&ocirc; gia cư, người nhập cư v&agrave; người khuyết tật tại Việt Nam.</p>\r\n','https://static.mservice.io/blogscontents/momo-upload-api-230112141333-638091296130777561.jpg','2023-02-19','2023-05-19',4,12,'Active',100000000),(15,'Đại sứ Nước – Đem nước sạch về cho người dân Xóm Chiềng Cang, Tỉnh Hòa Bình','Chung tay cùng Đại sứ Nước – để xây dựng công trình nước sinh hoạt đem nước sạch về cho người dân Xóm Chiềng Cang, huyện Đà Bắc, Tỉnh Hòa Bình','<p>Từ bao đời nay, Nước lu&ocirc;n lu&ocirc;n l&agrave; nguồn sống kh&ocirc;ng thể thiếu của con người. Vậy nhưng, vẫn c&ograve;n nhiều khu vực tại c&aacute;c khu vực miền n&uacute;i, hoặc c&aacute;c v&ugrave;ng s&acirc;u v&ugrave;ng xa, th&igrave; nước sạch vẫn l&agrave; một điều g&igrave; đ&oacute; v&ocirc; c&ugrave;ng xa xỉ. V&agrave; x&oacute;m Chiềng Cang, thuộc x&atilde; Mường Chiềng, huyện Đ&agrave; Bắc, tỉnh Ho&agrave; B&igrave;nh m&agrave; tổ chức MSD United Way Việt Nam v&agrave; RIC muốn đem nước sạch về trong dự &aacute;n Đại sứ nước lần n&agrave;y l&agrave; một v&iacute; dụ điển h&igrave;nh.</p>\r\n\r\n<p style=\"text-align:center\"><img alt=\"\" src=\"https://static.mservice.io/blogscontents/momo-upload-api-221229133927-638079179671384998.jpg\" style=\"width:100%\" /> <em>Ở nhiều v&ugrave;ng s&acirc;u v&ugrave;ng xa của đất nước, được sử dụng nước sạch đối với người d&acirc;n l&agrave; v&ocirc; c&ugrave;ng kh&oacute; khăn</em></p>\r\n\r\n<p>Đ&acirc;y l&agrave; một trong những x&oacute;m ngh&egrave;o của x&atilde; Mường Chiềng, huyện Đ&agrave; Bắc. X&oacute;m c&oacute; 106 hộ d&acirc;n với 49 hộ ngh&egrave;o (chiếm 46,2%) v&agrave; 25 hộ cận ngh&egrave;o (chiếm 23,5%). Nghề nghiệp ch&iacute;nh của người d&acirc;n trong th&ocirc;n l&agrave; n&ocirc;ng l&acirc;m nghiệp kết hợp (trồng ng&ocirc; v&agrave; l&uacute;a l&agrave; chủ yếu) n&ecirc;n việc sử dụng nước sạch c&agrave;ng cần thiết hơn. Ấy vậy m&agrave; hệ thống cung cấp nước sinh hoạt cho người d&acirc;n x&oacute;m Chiềng Cang đ&atilde; bị xuống cấp trầm trọng từ năm 2017 đến nay. Bể nước v&agrave; đường ống dẫn nước đ&atilde; kh&ocirc;ng c&ograve;n sử dụng được, n&ecirc;n người d&acirc;n nơi đ&acirc;y phải sử dụng thau, chậu để đựng nước từ c&aacute;c m&oacute; nước đầu nguồn về để sử dụng.</p>\r\n\r\n<p><img alt=\"\" src=\"https://static.mservice.io/blogscontents/momo-upload-api-221229134104-638079180640834111.jpg\" style=\"width:100%\" /></p>\r\n\r\n<p style=\"text-align:center\"><img alt=\"\" src=\"https://static.mservice.io/blogscontents/momo-upload-api-221229134125-638079180859179074.jpg\" style=\"width:100%\" /> <em>Hệ thống cung cấp nước sạch vừa sơ s&agrave;i lại vừa bị hư hỏng nặng nề</em></p>\r\n\r\n<p>Để c&oacute; nước sinh hoạt, c&aacute;c gia đ&igrave;nh phải đi bộ từ 2-3km đường n&uacute;i để g&aacute;nh nước từ suối về d&ugrave;ng. Đặc biệt v&agrave;o m&ugrave;a kh&ocirc;, người d&acirc;n phải chia nhau từng x&ocirc; nước đem về được. Nhưng ch&iacute;nh nguồn nước n&agrave;y cũng tiềm ẩn nhiều nguy cơ về sức khỏe. Do địa h&igrave;nh gần c&aacute;c khu vực c&oacute; đ&aacute; v&ocirc;i v&agrave; c&aacute;c khu c&ocirc;ng nghiệp, n&ecirc;n nguồn nước cũng bị &ocirc; nhiễm v&agrave; sẽ g&acirc;y hại cho sức khỏe nếu sử dụng trong một thời gian d&agrave;i. Cụ thể người d&acirc;n tại x&oacute;m Chiềng Cang c&oacute; tỷ lệ mắc c&aacute;c bệnh về đường ruột, v&agrave;ng da, đau mắt,...cao hơn mặt bằng chung của địa phương.</p>\r\n\r\n<p><img alt=\"\" src=\"https://static.mservice.io/blogscontents/momo-upload-api-221229134200-638079181206437670.jpg\" style=\"width:100%\" /></p>\r\n\r\n<p style=\"text-align:center\"><img alt=\"\" src=\"https://static.mservice.io/blogscontents/momo-upload-api-221229134217-638079181375876799.jpg\" style=\"width:100%\" /> <em>Nguồn nước kh&ocirc;ng đảm bảo vệ sinh n&ecirc;n c&ograve;n tiềm ẩn nhiều nguy cơ về sức khỏe</em></p>\r\n\r\n<p><strong>C&ugrave;ng Đại sứ nước mang nước sạch về x&oacute;m Chiềng Cang</strong></p>\r\n\r\n<p>Nhận thấy được t&igrave;nh h&igrave;nh n&agrave;y, MSD United Way Vietnam phối hợp c&ugrave;ng c&aacute;c đối t&aacute;c triển khai chương tr&igrave;nh &ldquo;Đại sứ nước&rdquo;để c&ugrave;ng chung tay với b&agrave; con x&oacute;m Chiềng Cang. Dự &aacute;n sẽ n&acirc;ng cấp v&agrave; sửa chữa lại hệ thống cấp nước sinh hoạt tự chảy cho người d&acirc;n nơi đ&acirc;y. Sau khi khảo s&aacute;t địa điểm v&agrave; c&ugrave;ng nhau ngồi lại t&igrave;m ra phương &aacute;n th&iacute;ch hợp, c&ocirc;ng tr&igrave;nh bao gồm những hạng mục sau:</p>\r\n\r\n<ol>\r\n	<li>Tu sửa lại 01 bể bể đầu nguồn (d&agrave;i 2,5m, rộng 2,5m, cao 1,5m).</li>\r\n	<li>Lắp mới tuyến đường ống dẫn nước bị hỏng từ bai chứa nước đầu nguồn đến bể chia nước về bể chứa khu d&acirc;n cư d&agrave;i bằng ống nhựa HPDE Tiền Phong ph 50x 1500m.</li>\r\n	<li>X&acirc;y dựng 01 bể chia nước bằng gạch chỉ đỏ, b&ecirc; t&ocirc;ng cốt th&eacute;p (d&agrave;i 3m, rộng 2,5m, cao 1,2m). C&aacute;c hộ d&acirc;n sẽ dẫn nước từ bể chứa n&agrave;y về nh&agrave;.</li>\r\n	<li>Tu sửa 01 bể chứa nước cũ với việc thau rửa vệ sinh bể v&agrave; thay mới c&aacute;c van v&ograve;i chia nước C&aacute;c hộ gia đ&igrave;nh sẽ dẫn nước từ bể chứa nước tập trung tại khu d&acirc;n cư về c&aacute;c bể chứa của c&aacute;c hộ gia đ&igrave;nh.</li>\r\n</ol>\r\n\r\n<p style=\"text-align:center\"><img alt=\"\" src=\"https://static.mservice.io/blogscontents/momo-upload-api-221229134251-638079181717209626.jpg\" style=\"width:100%\" /> <em>Chung tay mang đến nguồn nước sạch cho c&aacute;c em nhỏ v&agrave; b&agrave; con v&ugrave;ng s&acirc;u v&ugrave;ng xa</em></p>\r\n\r\n<p><em>*Khi chương tr&igrave;nh đ&atilde; ho&agrave;n th&agrave;nh quy&ecirc;n g&oacute;p, to&agrave;n bộ số tiền quy&ecirc;n g&oacute;p được sẽ được V&iacute; MoMo gửi tới Viện Nghi&ecirc;n cứu Quản l&yacute; Ph&aacute;t triển bền vững (MSD) v&agrave; Trung t&acirc;m Nghi&ecirc;n cứu S&aacute;ng kiến Ph&aacute;t triển Cộng đồng (RIC) để triển khai chiến dịch x&acirc;y dựng hệ thống nước sạch. Ch&uacute;ng t&ocirc;i sẽ cập nhật th&ocirc;ng tin về tiến độ dự &aacute;n tới c&aacute;c bạn trong thời gian sớm nhất.</em></p>\r\n\r\n<p><u><strong>Về MSD United Way VietNam:</strong></u><br />\r\nL&agrave; một tổ chức phi ch&iacute;nh phủ Việt Nam, MSD nỗ lực h&agrave;nh động v&igrave; một m&ocirc;i trường ph&aacute;t triển thuận lợi cho sự ph&aacute;t triển của khối c&aacute;c tổ chức x&atilde; hội v&agrave; th&uacute;c đẩy việc thực hiện quyền của c&aacute;c nh&oacute;m cộng đồng bị lề ho&aacute; v&agrave; dễ bị tổn thương, đặc biệt l&agrave; nh&oacute;m trẻ em, thanh ni&ecirc;n, phụ nữ v&agrave; người khuyết tật. MSD được c&ocirc;ng nhận l&agrave; một tổ chức h&agrave;ng đầu trong phối hợp, hỗ trợ v&agrave; cung cấp c&aacute;c dịch vụ n&acirc;ng cao năng lực, đ&agrave;o tạo v&agrave; tham vấn cho c&aacute;c tổ chức x&atilde; hội tại Việt Nam. B&ecirc;n cạnh đ&oacute;, MSD cũng l&agrave; tổ chức chuy&ecirc;n nghiệp đ&aacute;p ứng hiệu quả nhu cầu v&agrave; bảo vệ c&aacute;c đối tượng c&oacute; ho&agrave;n cảnh kh&oacute; khăn, th&ocirc;ng qua tổ chức c&aacute;c dự &aacute;n v&agrave; hỗ trợ trẻ em, thanh thiếu ni&ecirc;n, phụ nữ, người v&ocirc; gia cư, người nhập cư v&agrave; người khuyết tật tại Việt Nam.</p>\r\n\r\n<p><u><strong>Về Trung t&acirc;m RIC:</strong></u><br />\r\nRIC kết nối v&agrave; th&uacute;c đẩy c&aacute;c s&aacute;ng kiến trong việc n&acirc;ng cao năng lực tự quản cho cộng đồng thiểu số th&ocirc;ng qua huy động c&aacute;c nguồn viện trợ Quốc tế v&agrave; trong nước để thực hiện c&aacute;c dự &aacute;n ph&aacute;t triển, g&oacute;p phần th&uacute;c đẩy ph&aacute;t triển bền vững cho c&aacute;c cộng đồng DTTS tại Việt Nam. RIC được c&ocirc;ng nhận l&agrave; 1 tổ chức h&agrave;ng đầu trong việc n&acirc;ng cao năng lực tự quản cho cộng đồng để thực hiện việc x&acirc;y dựng, duy tu, bảo dưỡng c&aacute;c c&ocirc;ng tr&igrave;nh cơ sở hạ tầng tại c&aacute;c v&ugrave;ng đồng b&agrave;o DTTS. Đặc biệt, hiện tại RIC l&agrave; một tổ chức duy nhất c&oacute; thể gi&uacute;p c&aacute;c cộng đồng tiếp cận được với nguồn ng&acirc;n s&aacute;ch nh&agrave; nước từ Chương tr&igrave;nh 135 để thực hiện việc x&acirc;y dựng, duy tu bảo dưỡng c&ocirc;ng tr&igrave;nh cơ sở hạ tầng quy m&ocirc; nhỏ tại v&ugrave;ng DTTS v&agrave; miền n&uacute;i.</p>\r\n','https://static.mservice.io/blogscontents/momo-upload-api-221229133836-638079179168237393.jpg','2023-02-19','2023-04-16',6,12,'Active',100000000),(16,'Cùng xây dựng điểm trường Mầm non thôn Nậm Siệu, Tân Lập - Bắc Quang - Hà Giang','Điểm trường có trên 45 học sinh bao gồm cấp mầm non và cấp tiểu học, trong đó có 27 em học sinh mầm non. Thế nhưng các em đang phải học tập trong phòng học dựng tạm và không còn an toàn.','<p>Điểm trường Mầm Non Nậm Siệu thuộc x&atilde; T&acirc;n Lập, huyện Bắc Quang, tỉnh H&agrave; Giang, l&agrave; điểm trường c&oacute; số lượng học sinh lớn, nhu cầu học tập cao. Tuy nhi&ecirc;n điều kiện vật chất tại điểm trường ch&iacute;nh kh&ocirc;ng đ&aacute;p ứng được y&ecirc;u cầu cơ sở vật chất để gi&uacute;p c&aacute;c em nhỏ tiếp cận được với nền gi&aacute;o dục chất lượng.</p>\r\n\r\n<p>Th&ocirc;n Nậm Siệu c&aacute;ch Ủy Ban Nh&acirc;n D&acirc;n X&atilde; T&acirc;n Lập khoảng 9km với 46 hộ gia đ&igrave;nh, trong đ&oacute; 70% hộ ngh&egrave;o v&agrave; cận ngh&egrave;o. Người d&acirc;n trong th&ocirc;n chủ yếu l&agrave; đồng b&agrave;o người Dao v&agrave; người M&ocirc;ng. Nghề nghiệp chủ yếu của c&aacute;c gia đ&igrave;nh l&agrave; l&agrave;m n&ocirc;ng, n&ecirc;n thu nhập của họ c&ograve;n thấp. V&igrave; thế d&ugrave; chịu kh&oacute; l&agrave;m ăn nhưng kinh tế của họ chưa được cải thiện ho&agrave;n to&agrave;n. Người d&acirc;n nơi đ&acirc;y vẫn lu&ocirc;n hiểu rằng đầu tư việc học cho con em l&agrave; con đường cần thiết v&agrave; đ&uacute;ng đắn nhất. C&aacute;c em học sinh cũng kh&ocirc;ng v&igrave; đường xa hay cơ sở vật chất thiếu thốn m&agrave; từ bỏ lớp học.</p>\r\n\r\n<p><img alt=\"\" src=\"https://static.mservice.io/blogscontents/momo-upload-api-221227105600-638077353606819602.jpg\" style=\"width:100%\" /></p>\r\n\r\n<p style=\"text-align:center\"><img alt=\"\" src=\"https://static.mservice.io/blogscontents/momo-upload-api-221227105625-638077353859551363.jpg\" style=\"width:100%\" /> <em>Điểm trường Mầm Non Nậm Siệu đang cần k&ecirc;u gọi đầu tư bởi cơ sở vật chất đ&atilde; xuống cấp nặng nề</em></p>\r\n\r\n<p>Hiện tại điểm trường c&oacute; tr&ecirc;n 45 học sinh bao gồm cấp mầm non v&agrave; cấp tiểu học, trong đ&oacute; c&oacute; 27 em học sinh mầm non. Điểm trường đ&atilde; x&acirc;y dựng tr&ecirc;n 12 năm, trải qua điều kiện thời tiết v&agrave; thời gian d&agrave;i sử dụng, đến thời điểm n&agrave;y nh&agrave; đ&atilde; bị hư hỏng ho&agrave;n to&agrave;n v&agrave; kh&ocirc;ng thể sử dụng. V&igrave; thế điểm trường đ&atilde; tiến h&agrave;nh th&aacute;o dỡ v&agrave; c&aacute;c em đang phải học nhờ tại Hội trường th&ocirc;n. Nh&agrave; lớp học tại Hội trường th&ocirc;n được l&agrave;m bằng loại nh&agrave; gỗ, tre nhưng cũng đ&atilde; mọt mối, hư hỏng.</p>\r\n\r\n<p>Điểm trường mầm non Nậm Siệu l&agrave; điểm trường nằm trong quy hoạch c&aacute;c điểm gi&aacute;o dục cần k&ecirc;u gọi đầu tư x&acirc;y dựng tr&ecirc;n địa b&agrave;n x&atilde; T&acirc;n Lập, trường đ&atilde; được cấp mặt bằng tuy nhi&ecirc;n chưa vận động được nguồn kinh ph&iacute; x&acirc;y dựng. Hiểu r&otilde; những kh&oacute; khăn vất vả v&agrave; mơ ước được tiếp tục đến trường học tập của thầy tr&ograve; trường mầm non Nậm Siệu, Trung t&acirc;m T&igrave;nh nguyện Quốc gia, Sức Mạnh v&agrave; Anh chị nu&ocirc;i Dự &aacute;n Nu&ocirc;i Em kết hợp c&ugrave;ng V&iacute; MoMo k&ecirc;u gọi cộng đồng Tr&aacute;i Tim MoMo chung tay quy&ecirc;n g&oacute;p 150.000.000 đồng tiền mặt.</p>\r\n\r\n<p><img alt=\"\" src=\"https://static.mservice.io/blogscontents/momo-upload-api-221227105650-638077354106031879.jpg\" style=\"width:100%\" /></p>\r\n\r\n<p style=\"text-align:center\"><img alt=\"\" src=\"https://static.mservice.io/blogscontents/momo-upload-api-221227105700-638077354206055787.jpg\" style=\"width:100%\" /> <em>Chung tay mang đến ph&ograve;ng học khang trang v&agrave; an to&agrave;n hơn cho c&aacute;c em học sinh tại điểm trường Nậm Siệu</em></p>\r\n\r\n<p>Dự &aacute;n dự kiến sẽ x&acirc;y dựng nh&agrave; lớp học cấp IV gồm: 02 ph&ograve;ng học, 01 ph&ograve;ng c&ocirc;ng vụ với tổng diện t&iacute;ch 115 m2 v&agrave; x&acirc;y dựng 01 nh&agrave; vệ sinh. Ch&uacute;ng t&ocirc;i hy vọng cộng đồng c&aacute;c nh&agrave; hảo t&acirc;m, c&aacute;c mạnh thường qu&acirc;n c&ugrave;ng chung tay để dự &aacute;n x&acirc;y trường c&oacute; thể được tiến h&agrave;nh. Mỗi sự đ&oacute;ng g&oacute;p d&ugrave; lớn hay nhỏ của Qu&yacute; vị cũng gi&uacute;p c&aacute;c em nhỏ c&oacute; ph&ograve;ng học ki&ecirc;n cố, khang trang v&agrave; an to&agrave;n hơn.</p>\r\n\r\n<p><u><strong>Về Trung t&acirc;m T&igrave;nh nguyện Quốc gia:</strong></u><br />\r\nTrung t&acirc;m T&igrave;nh nguyện Quốc gia (VVC) do TW Đo&agrave;n TNCS Hồ Ch&iacute; Minh th&agrave;nh lập, l&agrave; tổ chức cấp Quốc gia nhằm mục ti&ecirc;u th&uacute;c đẩy, hỗ trợ v&agrave; điều phối hoạt động t&igrave;nh nguyện v&igrave; sự ph&aacute;t triển ở Việt Nam. VVC Cung cấp đầy đủ th&ocirc;ng tin về mọi hoạt động t&igrave;nh nguyện, tập huấn, hội thảo, hội nghị, diễn đ&agrave;n thanh ni&ecirc;n về c&aacute;c vấn đề x&atilde; hội trong nước v&agrave; quốc tế. L&agrave; cầu nối giữa những tổ chức x&atilde; hội v&agrave; những người đam m&ecirc; t&igrave;nh nguyện.</p>\r\n\r\n<p><u><strong>Về dự &aacute;n Sức mạnh 2000 - &Aacute;nh S&aacute;ng N&uacute;i Rừng:</strong></u><br />\r\nL&agrave; một dự &aacute;n g&acirc;y quỹ x&acirc;y trường được khởi xướng v&agrave; điều h&agrave;nh bởi anh Ho&agrave;ng Hoa Trung - Forbes 30 Under 30 2020, Gương mặt trẻ Việt Nam Ti&ecirc;u biểu 2019. T&iacute;nh tới th&aacute;ng 2/2021, dự &aacute;n đ&atilde; x&acirc;y dựng th&agrave;nh c&ocirc;ng gần 130 điểm trường, nh&agrave; nội tr&uacute;, nh&agrave; hạnh ph&uacute;c, cầu d&acirc;n sinh ở c&aacute;c tỉnh v&ugrave;ng cao, gi&uacute;p hơn 7000 trẻ em được đến trường. T&igrave;m hiểu về dự &aacute;n th&ecirc;m tại: <span style=\"color:#0066cc\">http://sucmanh2000.com</span></p>\r\n','https://static.mservice.io/blogscontents/momo-upload-api-221227105457-638077352974758289.jpg','2023-02-19','2023-04-11',5,1,'Active',100000000),(18,'Cùng xây dựng điểm trường Mầm non thôn Nậm Siệu, Tân Lập - Bắc Quang - Hà Giang33','new fund description333333333','<p>new conte3333</p>\r\n','43434','2023-02-19','2023-11-01',7,2,'Inactive',1),(19,'Chung1111111','2222','<p>1111</p>\r\n','1','2023-03-10','2023-03-28',1,1,'Finish',1111),(23,'4344444444444','1111111111444','<p>1111111</p>\r\n','11114','2023-03-10','2023-04-27',3,10,'Inactive',11111444),(24,'Quy quyen gop moi hom nay111','Mo ta quy quyen gop moi23333111','<p>day la noi dung quy quyen gop moi2333311</p>\r\n','sdgfdhghkhjljk;lklj233311','2023-03-13','2023-04-19',1,7,'Inactive',12323),(25,'2134235234545','124235346456','<p>124235345346</p>\r\n','12323423','2023-03-21','2023-04-14',1,1,'Inactive',124235434);
/*!40000 ALTER TABLE `fund` ENABLE KEYS */;
UNLOCK TABLES;
/*!40103 SET TIME_ZONE=@OLD_TIME_ZONE */;

/*!40101 SET SQL_MODE=@OLD_SQL_MODE */;
/*!40014 SET FOREIGN_KEY_CHECKS=@OLD_FOREIGN_KEY_CHECKS */;
/*!40014 SET UNIQUE_CHECKS=@OLD_UNIQUE_CHECKS */;
/*!40101 SET CHARACTER_SET_CLIENT=@OLD_CHARACTER_SET_CLIENT */;
/*!40101 SET CHARACTER_SET_RESULTS=@OLD_CHARACTER_SET_RESULTS */;
/*!40101 SET COLLATION_CONNECTION=@OLD_COLLATION_CONNECTION */;
/*!40111 SET SQL_NOTES=@OLD_SQL_NOTES */;

-- Dump completed on 2023-04-01 17:23:43
